Sample,T_C,P_bar,final_P,DNNO,DFMQ,logfO2,SiO2,TiO2,Al2O3,Fe2O3,FeO,Fe2O3T,FeOT,MnO,MgO,CaO,Na2O,K2O,P2O5,H2O,CO2ppm,STppm,Fe3FeT,S6ST,wt_g,fS2,Notes,logfS2,,
Hawaii high Si,1200,,,,0,,51.28782609,2.503478261,13.70347826,,,,11.03565217,0.017826087,6.699130435,11.03173913,2.274782609,0.431304348,0.210869565,0,0,5000,,,,1.00E-17,,-17,,-17
Hawaii high Si,1200,,,,-4.8,,51.28782609,2.503478261,13.70347826,,,,11.03565217,0.017826087,6.699130435,11.03173913,2.274782609,0.431304348,0.210869565,0,0,2000,,,,1.00E-17,,-17,,-17
Hawaii high Si,1200,,,,-4.6,,51.28782609,2.503478261,13.70347826,,,,11.03565217,0.017826087,6.699130435,11.03173913,2.274782609,0.431304348,0.210869565,0,0,2000,,,,1.00E-17,,-17,,-17
Hawaii high Si,1200,,,,-4.4,,51.28782609,2.503478261,13.70347826,,,,11.03565217,0.017826087,6.699130435,11.03173913,2.274782609,0.431304348,0.210869565,0,0,2000,,,,1.00E-17,,-17,,-17
Hawaii high Si,1200,,,,-4.2,,51.28782609,2.503478261,13.70347826,,,,11.03565217,0.017826087,6.699130435,11.03173913,2.274782609,0.431304348,0.210869565,0,0,2000,,,,1.00E-17,,-17,,-17
Hawaii high Si,1200,,,,-4,,51.28782609,2.503478261,13.70347826,,,,11.03565217,0.017826087,6.699130435,11.03173913,2.274782609,0.431304348,0.210869565,0,0,2000,,,,1.00E-17,,-17,,-17
Hawaii high Si,1200,,,,-3.8,,51.28782609,2.503478261,13.70347826,,,,11.03565217,0.017826087,6.699130435,11.03173913,2.274782609,0.431304348,0.210869565,0,0,2000,,,,1.00E-17,,-17,,-17
Hawaii high Si,1200,,,,-3.6,,51.28782609,2.503478261,13.70347826,,,,11.03565217,0.017826087,6.699130435,11.03173913,2.274782609,0.431304348,0.210869565,0,0,2000,,,,1.00E-17,,-17,,-17
Hawaii high Si,1200,,,,-3.4,,51.28782609,2.503478261,13.70347826,,,,11.03565217,0.017826087,6.699130435,11.03173913,2.274782609,0.431304348,0.210869565,0,0,2000,,,,1.00E-17,,-17,,-17
Hawaii high Si,1200,,,,-3.2,,51.28782609,2.503478261,13.70347826,,,,11.03565217,0.017826087,6.699130435,11.03173913,2.274782609,0.431304348,0.210869565,0,0,2000,,,,1.00E-17,,-17,,-17
Hawaii high Si,1200,,,,-3,,51.28782609,2.503478261,13.70347826,,,,11.03565217,0.017826087,6.699130435,11.03173913,2.274782609,0.431304348,0.210869565,0,0,2000,,,,1.00E-17,,-17,,-17
Hawaii high Si,1200,,,,-2.8,,51.28782609,2.503478261,13.70347826,,,,11.03565217,0.017826087,6.699130435,11.03173913,2.274782609,0.431304348,0.210869565,0,0,2000,,,,1.00E-17,,-17,,-17
Hawaii high Si,1200,,,,-2.6,,51.28782609,2.503478261,13.70347826,,,,11.03565217,0.017826087,6.699130435,11.03173913,2.274782609,0.431304348,0.210869565,0,0,2000,,,,1.00E-17,,-17,,-17
Hawaii high Si,1200,,,,-2.4,,51.28782609,2.503478261,13.70347826,,,,11.03565217,0.017826087,6.699130435,11.03173913,2.274782609,0.431304348,0.210869565,0,0,2000,,,,1.00E-17,,-17,,-17
Hawaii high Si,1200,,,,-2.2,,51.28782609,2.503478261,13.70347826,,,,11.03565217,0.017826087,6.699130435,11.03173913,2.274782609,0.431304348,0.210869565,0,0,2000,,,,1.00E-17,,-17,,-17
Hawaii high Si,1200,,,,-2,,51.28782609,2.503478261,13.70347826,,,,11.03565217,0.017826087,6.699130435,11.03173913,2.274782609,0.431304348,0.210869565,0,0,2000,,,,1.00E-17,,-17,,-17
Hawaii high Si,1200,,,,-1.8,,51.28782609,2.503478261,13.70347826,,,,11.03565217,0.017826087,6.699130435,11.03173913,2.274782609,0.431304348,0.210869565,0,0,2000,,,,,,0,,-17
Hawaii high Si,1200,3000,,,-1.6,,51.28782609,2.503478261,13.70347826,,,,11.03565217,0.017826087,6.699130435,11.03173913,2.274782609,0.431304348,0.210869565,0,0,2000,,,,,,0,,-17
Hawaii high Si,1200,3000,,,-1.4,,51.28782609,2.503478261,13.70347826,,,,11.03565217,0.017826087,6.699130435,11.03173913,2.274782609,0.431304348,0.210869565,0,0,2000,,,,,,0,,-17
Hawaii high Si,1200,3000,,,-1.2,,51.28782609,2.503478261,13.70347826,,,,11.03565217,0.017826087,6.699130435,11.03173913,2.274782609,0.431304348,0.210869565,0,0,2000,,,,,,0,,-17
Hawaii high Si,1200,3000,,,-1,,51.28782609,2.503478261,13.70347826,,,,11.03565217,0.017826087,6.699130435,11.03173913,2.274782609,0.431304348,0.210869565,0,0,2000,,,,,,0,,-17
Hawaii high Si,1200,3000,,,-0.8,,51.28782609,2.503478261,13.70347826,,,,11.03565217,0.017826087,6.699130435,11.03173913,2.274782609,0.431304348,0.210869565,0,0,2000,,,,,,0,,-17
Hawaii high Si,1200,3000,,,-0.6,,51.28782609,2.503478261,13.70347826,,,,11.03565217,0.017826087,6.699130435,11.03173913,2.274782609,0.431304348,0.210869565,0,0,2000,,,,,,0,,-17
Hawaii high Si,1200,3000,,,-0.4,,51.28782609,2.503478261,13.70347826,,,,11.03565217,0.017826087,6.699130435,11.03173913,2.274782609,0.431304348,0.210869565,0,0,2000,,,,,,0,,-17
Hawaii high Si,1200,3000,,,-0.2,,51.28782609,2.503478261,13.70347826,,,,11.03565217,0.017826087,6.699130435,11.03173913,2.274782609,0.431304348,0.210869565,0,0,2000,,,,,,0,,-17
Hawaii high Si,1200,3000,,,0,,51.28782609,2.503478261,13.70347826,,,,11.03565217,0.017826087,6.699130435,11.03173913,2.274782609,0.431304348,0.210869565,0,0,2000,,,,,,0,,-17
Hawaii high Si,1200,3000,,,0.2,,51.28782609,2.503478261,13.70347826,,,,11.03565217,0.017826087,6.699130435,11.03173913,2.274782609,0.431304348,0.210869565,0,0,2000,,,,,,0,,-17
Hawaii high Si,1200,3000,,,0.4,,51.28782609,2.503478261,13.70347826,,,,11.03565217,0.017826087,6.699130435,11.03173913,2.274782609,0.431304348,0.210869565,0,0,2000,,,,,,0,,-17
Hawaii high Si,1200,3000,,,0.6,,51.28782609,2.503478261,13.70347826,,,,11.03565217,0.017826087,6.699130435,11.03173913,2.274782609,0.431304348,0.210869565,0,0,2000,,,,,,0,,-17
Hawaii high Si,1200,3000,,,0.8,,51.28782609,2.503478261,13.70347826,,,,11.03565217,0.017826087,6.699130435,11.03173913,2.274782609,0.431304348,0.210869565,0,0,2000,,,,,,0,,-17
Hawaii high Si,1200,3000,,,1,,51.28782609,2.503478261,13.70347826,,,,11.03565217,0.017826087,6.699130435,11.03173913,2.274782609,0.431304348,0.210869565,0,0,2000,,,,,,0,,-17
Hawaii high Si,1200,3000,,,1.2,,51.28782609,2.503478261,13.70347826,,,,11.03565217,0.017826087,6.699130435,11.03173913,2.274782609,0.431304348,0.210869565,0,0,2000,,,,,,0,,-17
Hawaii high Si,1200,3000,,,1.4,,51.28782609,2.503478261,13.70347826,,,,11.03565217,0.017826087,6.699130435,11.03173913,2.274782609,0.431304348,0.210869565,0,0,2000,,,,,,0,,-17
Hawaii high Si,1200,3000,,,1.5,,51.28782609,2.503478261,13.70347826,,,,11.03565217,0.017826087,6.699130435,11.03173913,2.274782609,0.431304348,0.210869565,0,0,2000,,,,,,0,,-17
Hawaii high Si,1200,3000,,,1.6,,51.28782609,2.503478261,13.70347826,,,,11.03565217,0.017826087,6.699130435,11.03173913,2.274782609,0.431304348,0.210869565,0,0,2000,,,,,,0,,-17
Hawaii high Si,1200,3000,,,1.8,,51.28782609,2.503478261,13.70347826,,,,11.03565217,0.017826087,6.699130435,11.03173913,2.274782609,0.431304348,0.210869565,0,0,2000,,,,,,0,,-17
Hawaii high Si,1200,3000,,,2,,51.28782609,2.503478261,13.70347826,,,,11.03565217,0.017826087,6.699130435,11.03173913,2.274782609,0.431304348,0.210869565,0,0,2000,,,,,,0,,-17
Hawaii high Si,1200,3000,,,2.2,,51.28782609,2.503478261,13.70347826,,,,11.03565217,0.017826087,6.699130435,11.03173913,2.274782609,0.431304348,0.210869565,0,0,2000,,,,,,0,,-17
Hawaii high Si,1200,3000,,,2.4,,51.28782609,2.503478261,13.70347826,,,,11.03565217,0.017826087,6.699130435,11.03173913,2.274782609,0.431304348,0.210869565,0,0,2000,,,,,,0,,-17
Hawaii high Si,1200,3000,,,2.6,,51.28782609,2.503478261,13.70347826,,,,11.03565217,0.017826087,6.699130435,11.03173913,2.274782609,0.431304348,0.210869565,0,0,2000,,,,,,0,,-17
Hawaii high Si,1200,3000,,,2.8,,51.28782609,2.503478261,13.70347826,,,,11.03565217,0.017826087,6.699130435,11.03173913,2.274782609,0.431304348,0.210869565,0,0,2000,,,,,,0,,-17
Hawaii high Si,1200,3000,,,3,,51.28782609,2.503478261,13.70347826,,,,11.03565217,0.017826087,6.699130435,11.03173913,2.274782609,0.431304348,0.210869565,0,0,2000,,,,,,0,,-17
Hawaii high Si,1200,3000,,,3.2,,51.28782609,2.503478261,13.70347826,,,,11.03565217,0.017826087,6.699130435,11.03173913,2.274782609,0.431304348,0.210869565,0,0,2000,,,,,,0,,-17
Hawaii high Si,1200,3000,,,3.4,,51.28782609,2.503478261,13.70347826,,,,11.03565217,0.017826087,6.699130435,11.03173913,2.274782609,0.431304348,0.210869565,0,0,2000,,,,,,0,,-17
Hawaii high Si,1200,3000,,,3.6,,51.28782609,2.503478261,13.70347826,,,,11.03565217,0.017826087,6.699130435,11.03173913,2.274782609,0.431304348,0.210869565,0,0,2000,,,,,,0,,-17
Hawaii high Si,1200,3000,,,3.8,,51.28782609,2.503478261,13.70347826,,,,11.03565217,0.017826087,6.699130435,11.03173913,2.274782609,0.431304348,0.210869565,0,0,2000,,,,,,0,,-17
Hawaii high Si,1200,3000,,,4,,51.28782609,2.503478261,13.70347826,,,,11.03565217,0.017826087,6.699130435,11.03173913,2.274782609,0.431304348,0.210869565,0,0,2000,,,,,,0,,-17
Hawaii high Si,1200,3000,,,4.2,,51.28782609,2.503478261,13.70347826,,,,11.03565217,0.017826087,6.699130435,11.03173913,2.274782609,0.431304348,0.210869565,0,0,2000,,,,,,0,,-17
Hawaii high Si,1200,3000,,,4.4,,51.28782609,2.503478261,13.70347826,,,,11.03565217,0.017826087,6.699130435,11.03173913,2.274782609,0.431304348,0.210869565,0,0,2000,,,,,,0,,-17
Hawaii high Si,1200,3000,,,4.6,,51.28782609,2.503478261,13.70347826,,,,11.03565217,0.017826087,6.699130435,11.03173913,2.274782609,0.431304348,0.210869565,0,0,2000,,,,,,0,,-17
Hawaii high Si,1200,3000,,,4.8,,51.28782609,2.503478261,13.70347826,,,,11.03565217,0.017826087,6.699130435,11.03173913,2.274782609,0.431304348,0.210869565,0,0,2000,,,,,,0,,-17
Hawaii high Si,1200,3000,,,5,,51.28782609,2.503478261,13.70347826,,,,11.03565217,0.017826087,6.699130435,11.03173913,2.274782609,0.431304348,0.210869565,0,0,2000,,,,,,0,,-17
,,,,,,,,,,,,,,,,,,,,,,,,,,,,,,
Hawaii high Si,1200,4000,,,-5,,51.28782609,2.503478261,13.70347826,,,,11.03565217,0.017826087,6.699130435,11.03173913,2.274782609,0.431304348,0.210869565,0,0,5000,,,,,,0,,-17
Hawaii high Si,1200,4000,,,-4.9,,51.28782609,2.503478261,13.70347826,,,,11.03565217,0.017826087,6.699130435,11.03173913,2.274782609,0.431304348,0.210869565,0,0,0.21,,,,,,0,,-17
Hawaii high Si,1200,4000,,,-4.8,,51.28782609,2.503478261,13.70347826,,,,11.03565217,0.017826087,6.699130435,11.03173913,2.274782609,0.431304348,0.210869565,0,0,0.21,,,,,,0,,-17
Hawaii high Si,1200,4000,,,-4.7,,51.28782609,2.503478261,13.70347826,,,,11.03565217,0.017826087,6.699130435,11.03173913,2.274782609,0.431304348,0.210869565,0,0,0.21,,,,,,0,,-17
Hawaii high Si,1200,4000,,,-4.6,,51.28782609,2.503478261,13.70347826,,,,11.03565217,0.017826087,6.699130435,11.03173913,2.274782609,0.431304348,0.210869565,0,0,0.21,,,,,,0,,-17
Hawaii high Si,1200,4000,,,-4.5,,51.28782609,2.503478261,13.70347826,,,,11.03565217,0.017826087,6.699130435,11.03173913,2.274782609,0.431304348,0.210869565,0,0,0.21,,,,,,0,,-17
Hawaii high Si,1200,4000,,,-4.4,,51.28782609,2.503478261,13.70347826,,,,11.03565217,0.017826087,6.699130435,11.03173913,2.274782609,0.431304348,0.210869565,0,0,0.21,,,,,,0,,-17
Hawaii high Si,1200,4000,,,-4.3,,51.28782609,2.503478261,13.70347826,,,,11.03565217,0.017826087,6.699130435,11.03173913,2.274782609,0.431304348,0.210869565,0,0,0.21,,,,,,0,,-17
Hawaii high Si,1200,4000,,,-4.2,,51.28782609,2.503478261,13.70347826,,,,11.03565217,0.017826087,6.699130435,11.03173913,2.274782609,0.431304348,0.210869565,0,0,0.21,,,,,,0,,-17
Hawaii high Si,1200,4000,,,-4.1,,51.28782609,2.503478261,13.70347826,,,,11.03565217,0.017826087,6.699130435,11.03173913,2.274782609,0.431304348,0.210869565,0,0,0.21,,,,,,0,,-17
Hawaii high Si,1200,4000,,,-4,,51.28782609,2.503478261,13.70347826,,,,11.03565217,0.017826087,6.699130435,11.03173913,2.274782609,0.431304348,0.210869565,0,0,0.21,,,,,,0,,-17
Hawaii high Si,1200,4000,,,-3.9,,51.28782609,2.503478261,13.70347826,,,,11.03565217,0.017826087,6.699130435,11.03173913,2.274782609,0.431304348,0.210869565,0,0,0.21,,,,,,0,,-17
Hawaii high Si,1200,4000,,,-3.8,,51.28782609,2.503478261,13.70347826,,,,11.03565217,0.017826087,6.699130435,11.03173913,2.274782609,0.431304348,0.210869565,0,0,0.21,,,,,,0,,-17
Hawaii high Si,1200,4000,,,-3.7,,51.28782609,2.503478261,13.70347826,,,,11.03565217,0.017826087,6.699130435,11.03173913,2.274782609,0.431304348,0.210869565,0,0,0.21,,,,,,0,,-17
Hawaii high Si,1200,4000,,,-3.6,,51.28782609,2.503478261,13.70347826,,,,11.03565217,0.017826087,6.699130435,11.03173913,2.274782609,0.431304348,0.210869565,0,0,0.21,,,,,,0,,-17
Hawaii high Si,1200,4000,,,-3.5,,51.28782609,2.503478261,13.70347826,,,,11.03565217,0.017826087,6.699130435,11.03173913,2.274782609,0.431304348,0.210869565,0,0,0.21,,,,,,0,,-17
Hawaii high Si,1200,4000,,,-3.4,,51.28782609,2.503478261,13.70347826,,,,11.03565217,0.017826087,6.699130435,11.03173913,2.274782609,0.431304348,0.210869565,0,0,0.21,,,,,,0,,-17
Hawaii high Si,1200,4000,,,-3.3,,51.28782609,2.503478261,13.70347826,,,,11.03565217,0.017826087,6.699130435,11.03173913,2.274782609,0.431304348,0.210869565,0,0,0.21,,,,,,0,,-17
Hawaii high Si,1200,4000,,,-3.2,,51.28782609,2.503478261,13.70347826,,,,11.03565217,0.017826087,6.699130435,11.03173913,2.274782609,0.431304348,0.210869565,0,0,0.21,,,,,,0,,-17
Hawaii high Si,1200,4000,,,-3.1,,51.28782609,2.503478261,13.70347826,,,,11.03565217,0.017826087,6.699130435,11.03173913,2.274782609,0.431304348,0.210869565,0,0,0.21,,,,,,0,,-17
Hawaii high Si,1200,4000,,,-3,,51.28782609,2.503478261,13.70347826,,,,11.03565217,0.017826087,6.699130435,11.03173913,2.274782609,0.431304348,0.210869565,0,0,0.21,,,,,,0,,-17
Hawaii high Si,1200,4000,,,-2.9,,51.28782609,2.503478261,13.70347826,,,,11.03565217,0.017826087,6.699130435,11.03173913,2.274782609,0.431304348,0.210869565,0,0,0.21,,,,,,0,,-17
Hawaii high Si,1200,4000,,,-2.8,,51.28782609,2.503478261,13.70347826,,,,11.03565217,0.017826087,6.699130435,11.03173913,2.274782609,0.431304348,0.210869565,0,0,0.21,,,,,,0,,-17
Hawaii high Si,1200,4000,,,-2.7,,51.28782609,2.503478261,13.70347826,,,,11.03565217,0.017826087,6.699130435,11.03173913,2.274782609,0.431304348,0.210869565,0,0,0.21,,,,,,0,,-17
Hawaii high Si,1200,4000,,,-2.6,,51.28782609,2.503478261,13.70347826,,,,11.03565217,0.017826087,6.699130435,11.03173913,2.274782609,0.431304348,0.210869565,0,0,0.21,,,,,,0,,-17
Hawaii high Si,1200,4000,,,-2.5,,51.28782609,2.503478261,13.70347826,,,,11.03565217,0.017826087,6.699130435,11.03173913,2.274782609,0.431304348,0.210869565,0,0,0.21,,,,,,0,,-17
Hawaii high Si,1200,4000,,,-2.4,,51.28782609,2.503478261,13.70347826,,,,11.03565217,0.017826087,6.699130435,11.03173913,2.274782609,0.431304348,0.210869565,0,0,0.21,,,,,,0,,-17
Hawaii high Si,1200,4000,,,-2.3,,51.28782609,2.503478261,13.70347826,,,,11.03565217,0.017826087,6.699130435,11.03173913,2.274782609,0.431304348,0.210869565,0,0,0.21,,,,,,0,,-17
Hawaii high Si,1200,4000,,,-2.2,,51.28782609,2.503478261,13.70347826,,,,11.03565217,0.017826087,6.699130435,11.03173913,2.274782609,0.431304348,0.210869565,0,0,0.21,,,,,,0,,-17
Hawaii high Si,1200,4000,,,-2.1,,51.28782609,2.503478261,13.70347826,,,,11.03565217,0.017826087,6.699130435,11.03173913,2.274782609,0.431304348,0.210869565,0,0,0.21,,,,,,0,,-17
Hawaii high Si,1200,4000,,,-2,,51.28782609,2.503478261,13.70347826,,,,11.03565217,0.017826087,6.699130435,11.03173913,2.274782609,0.431304348,0.210869565,0,0,0.21,,,,,,0,,-17
Hawaii high Si,1200,4000,,,-1.9,,51.28782609,2.503478261,13.70347826,,,,11.03565217,0.017826087,6.699130435,11.03173913,2.274782609,0.431304348,0.210869565,0,0,0.21,,,,,,0,,-17
Hawaii high Si,1200,4000,,,-1.8,,51.28782609,2.503478261,13.70347826,,,,11.03565217,0.017826087,6.699130435,11.03173913,2.274782609,0.431304348,0.210869565,0,0,0.21,,,,,,0,,-17
Hawaii high Si,1200,4000,,,-1.7,,51.28782609,2.503478261,13.70347826,,,,11.03565217,0.017826087,6.699130435,11.03173913,2.274782609,0.431304348,0.210869565,0,0,0.21,,,,,,0,,-17
Hawaii high Si,1200,4000,,,-1.6,,51.28782609,2.503478261,13.70347826,,,,11.03565217,0.017826087,6.699130435,11.03173913,2.274782609,0.431304348,0.210869565,0,0,0.21,,,,,,0,,-17
Hawaii high Si,1200,4000,,,-1.5,,51.28782609,2.503478261,13.70347826,,,,11.03565217,0.017826087,6.699130435,11.03173913,2.274782609,0.431304348,0.210869565,0,0,0.21,,,,,,0,,-17
Hawaii high Si,1200,4000,,,-1.4,,51.28782609,2.503478261,13.70347826,,,,11.03565217,0.017826087,6.699130435,11.03173913,2.274782609,0.431304348,0.210869565,0,0,0.21,,,,,,0,,-17
Hawaii high Si,1200,4000,,,-1.3,,51.28782609,2.503478261,13.70347826,,,,11.03565217,0.017826087,6.699130435,11.03173913,2.274782609,0.431304348,0.210869565,0,0,0.21,,,,,,0,,-17
Hawaii high Si,1200,4000,,,-1.2,,51.28782609,2.503478261,13.70347826,,,,11.03565217,0.017826087,6.699130435,11.03173913,2.274782609,0.431304348,0.210869565,0,0,0.21,,,,,,0,,-17
Hawaii high Si,1200,4000,,,-1.1,,51.28782609,2.503478261,13.70347826,,,,11.03565217,0.017826087,6.699130435,11.03173913,2.274782609,0.431304348,0.210869565,0,0,0.21,,,,,,0,,-17
Hawaii high Si,1200,4000,,,-1,,51.28782609,2.503478261,13.70347826,,,,11.03565217,0.017826087,6.699130435,11.03173913,2.274782609,0.431304348,0.210869565,0,0,0.21,,,,,,0,,-17
Hawaii high Si,1200,4000,,,-0.9,,51.28782609,2.503478261,13.70347826,,,,11.03565217,0.017826087,6.699130435,11.03173913,2.274782609,0.431304348,0.210869565,0,0,0.21,,,,,,0,,-17
Hawaii high Si,1200,4000,,,-0.8,,51.28782609,2.503478261,13.70347826,,,,11.03565217,0.017826087,6.699130435,11.03173913,2.274782609,0.431304348,0.210869565,0,0,0.21,,,,,,0,,-17
Hawaii high Si,1200,4000,,,-0.7,,51.28782609,2.503478261,13.70347826,,,,11.03565217,0.017826087,6.699130435,11.03173913,2.274782609,0.431304348,0.210869565,0,0,0.21,,,,,,0,,-17
Hawaii high Si,1200,4000,,,-0.6,,51.28782609,2.503478261,13.70347826,,,,11.03565217,0.017826087,6.699130435,11.03173913,2.274782609,0.431304348,0.210869565,0,0,0.21,,,,,,0,,-17
Hawaii high Si,1200,4000,,,-0.5,,51.28782609,2.503478261,13.70347826,,,,11.03565217,0.017826087,6.699130435,11.03173913,2.274782609,0.431304348,0.210869565,0,0,0.21,,,,,,0,,-17
Hawaii high Si,1200,4000,,,-0.4,,51.28782609,2.503478261,13.70347826,,,,11.03565217,0.017826087,6.699130435,11.03173913,2.274782609,0.431304348,0.210869565,0,0,0.21,,,,,,0,,-17
Hawaii high Si,1200,4000,,,-0.3,,51.28782609,2.503478261,13.70347826,,,,11.03565217,0.017826087,6.699130435,11.03173913,2.274782609,0.431304348,0.210869565,0,0,0.21,,,,,,0,,-17
Hawaii high Si,1200,4000,,,-0.2,,51.28782609,2.503478261,13.70347826,,,,11.03565217,0.017826087,6.699130435,11.03173913,2.274782609,0.431304348,0.210869565,0,0,0.21,,,,,,0,,-17
Hawaii high Si,1200,4000,,,-0.1,,51.28782609,2.503478261,13.70347826,,,,11.03565217,0.017826087,6.699130435,11.03173913,2.274782609,0.431304348,0.210869565,0,0,0.21,,,,,,0,,-17
Hawaii high Si,1200,4000,,,0,,51.28782609,2.503478261,13.70347826,,,,11.03565217,0.017826087,6.699130435,11.03173913,2.274782609,0.431304348,0.210869565,0,0,0.21,,,,,,0,,-17
Hawaii high Si,1200,4000,,,0.1,,51.28782609,2.503478261,13.70347826,,,,11.03565217,0.017826087,6.699130435,11.03173913,2.274782609,0.431304348,0.210869565,0,0,0.21,,,,,,0,,-17
Hawaii high Si,1200,4000,,,0.2,,51.28782609,2.503478261,13.70347826,,,,11.03565217,0.017826087,6.699130435,11.03173913,2.274782609,0.431304348,0.210869565,0,0,0.21,,,,,,0,,-17
Hawaii high Si,1200,4000,,,0.3,,51.28782609,2.503478261,13.70347826,,,,11.03565217,0.017826087,6.699130435,11.03173913,2.274782609,0.431304348,0.210869565,0,0,0.21,,,,,,0,,-17
Hawaii high Si,1200,4000,,,0.4,,51.28782609,2.503478261,13.70347826,,,,11.03565217,0.017826087,6.699130435,11.03173913,2.274782609,0.431304348,0.210869565,0,0,0.21,,,,,,0,,-17
Hawaii high Si,1200,4000,,,0.5,,51.28782609,2.503478261,13.70347826,,,,11.03565217,0.017826087,6.699130435,11.03173913,2.274782609,0.431304348,0.210869565,0,0,0.21,,,,,,0,,-17
Hawaii high Si,1200,4000,,,0.6,,51.28782609,2.503478261,13.70347826,,,,11.03565217,0.017826087,6.699130435,11.03173913,2.274782609,0.431304348,0.210869565,0,0,0.21,,,,,,0,,-17
Hawaii high Si,1200,4000,,,0.7,,51.28782609,2.503478261,13.70347826,,,,11.03565217,0.017826087,6.699130435,11.03173913,2.274782609,0.431304348,0.210869565,0,0,0.21,,,,,,0,,-17
Hawaii high Si,1200,4000,,,0.8,,51.28782609,2.503478261,13.70347826,,,,11.03565217,0.017826087,6.699130435,11.03173913,2.274782609,0.431304348,0.210869565,0,0,0.21,,,,,,0,,-17
Hawaii high Si,1200,4000,,,0.9,,51.28782609,2.503478261,13.70347826,,,,11.03565217,0.017826087,6.699130435,11.03173913,2.274782609,0.431304348,0.210869565,0,0,0.21,,,,,,0,,-17
Hawaii high Si,1200,4000,,,1,,51.28782609,2.503478261,13.70347826,,,,11.03565217,0.017826087,6.699130435,11.03173913,2.274782609,0.431304348,0.210869565,0,0,0.21,,,,,,0,,-17
Hawaii high Si,1200,4000,,,1.1,,51.28782609,2.503478261,13.70347826,,,,11.03565217,0.017826087,6.699130435,11.03173913,2.274782609,0.431304348,0.210869565,0,0,0.21,,,,,,0,,-17
Hawaii high Si,1200,1800,,,1.2,,51.28782609,2.503478261,13.70347826,,,,11.03565217,0.017826087,6.699130435,11.03173913,2.274782609,0.431304348,0.210869565,0,0,0.21,,,,,,0,,-17
Hawaii high Si,1200,1800,,,1.3,,51.28782609,2.503478261,13.70347826,,,,11.03565217,0.017826087,6.699130435,11.03173913,2.274782609,0.431304348,0.210869565,0,0,0.21,,,,,,0,,-17
Hawaii high Si,1200,1800,,,1.4,,51.28782609,2.503478261,13.70347826,,,,11.03565217,0.017826087,6.699130435,11.03173913,2.274782609,0.431304348,0.210869565,0,0,0.21,,,,,,0,,-17
Hawaii high Si,1200,1800,,,1.5,,51.28782609,2.503478261,13.70347826,,,,11.03565217,0.017826087,6.699130435,11.03173913,2.274782609,0.431304348,0.210869565,0,0,0.21,,,,,,0,,-17
Hawaii high Si,1200,1800,,,1.6,,51.28782609,2.503478261,13.70347826,,,,11.03565217,0.017826087,6.699130435,11.03173913,2.274782609,0.431304348,0.210869565,0,0,0.21,,,,,,0,,-17
Hawaii high Si,1200,1800,,,1.7,,51.28782609,2.503478261,13.70347826,,,,11.03565217,0.017826087,6.699130435,11.03173913,2.274782609,0.431304348,0.210869565,0,0,0.21,,,,,,0,,-17
Hawaii high Si,1200,1800,,,1.8,,51.28782609,2.503478261,13.70347826,,,,11.03565217,0.017826087,6.699130435,11.03173913,2.274782609,0.431304348,0.210869565,0,0,0.21,,,,,,0,,-17
Hawaii high Si,1200,1800,,,1.9,,51.28782609,2.503478261,13.70347826,,,,11.03565217,0.017826087,6.699130435,11.03173913,2.274782609,0.431304348,0.210869565,0,0,0.21,,,,,,0,,-17
Hawaii high Si,1200,1800,,,2,,51.28782609,2.503478261,13.70347826,,,,11.03565217,0.017826087,6.699130435,11.03173913,2.274782609,0.431304348,0.210869565,0,0,0.21,,,,,,0,,-17
Hawaii high Si,1200,1800,,,2.1,,51.28782609,2.503478261,13.70347826,,,,11.03565217,0.017826087,6.699130435,11.03173913,2.274782609,0.431304348,0.210869565,0,0,0.21,,,,,,0,,-17
Hawaii high Si,1200,1800,,,2.2,,51.28782609,2.503478261,13.70347826,,,,11.03565217,0.017826087,6.699130435,11.03173913,2.274782609,0.431304348,0.210869565,0,0,0.21,,,,,,0,,-17
Hawaii high Si,1200,1800,,,2.3,,51.28782609,2.503478261,13.70347826,,,,11.03565217,0.017826087,6.699130435,11.03173913,2.274782609,0.431304348,0.210869565,0,0,0.21,,,,,,0,,-17
Hawaii high Si,1200,1800,,,2.4,,51.28782609,2.503478261,13.70347826,,,,11.03565217,0.017826087,6.699130435,11.03173913,2.274782609,0.431304348,0.210869565,0,0,0.21,,,,,,0,,-17
Hawaii high Si,1200,1800,,,2.5,,51.28782609,2.503478261,13.70347826,,,,11.03565217,0.017826087,6.699130435,11.03173913,2.274782609,0.431304348,0.210869565,0,0,0.21,,,,,,0,,-17
Hawaii high Si,1200,1800,,,2.6,,51.28782609,2.503478261,13.70347826,,,,11.03565217,0.017826087,6.699130435,11.03173913,2.274782609,0.431304348,0.210869565,0,0,0.21,,,,,,0,,-17
Hawaii high Si,1200,1800,,,2.7,,51.28782609,2.503478261,13.70347826,,,,11.03565217,0.017826087,6.699130435,11.03173913,2.274782609,0.431304348,0.210869565,0,0,0.21,,,,,,0,,-17
Hawaii high Si,1200,1800,,,2.8,,51.28782609,2.503478261,13.70347826,,,,11.03565217,0.017826087,6.699130435,11.03173913,2.274782609,0.431304348,0.210869565,0,0,0.21,,,,,,0,,-17
Hawaii high Si,1200,1800,,,2.9,,51.28782609,2.503478261,13.70347826,,,,11.03565217,0.017826087,6.699130435,11.03173913,2.274782609,0.431304348,0.210869565,0,0,0.21,,,,,,0,,-17
Hawaii high Si,1200,1800,,,3,,51.28782609,2.503478261,13.70347826,,,,11.03565217,0.017826087,6.699130435,11.03173913,2.274782609,0.431304348,0.210869565,0,0,0.21,,,,,,0,,-17
Hawaii high Si,1200,1800,,,3.1,,51.28782609,2.503478261,13.70347826,,,,11.03565217,0.017826087,6.699130435,11.03173913,2.274782609,0.431304348,0.210869565,0,0,0.21,,,,,,0,,-17
Hawaii high Si,1200,1800,,,3.2,,51.28782609,2.503478261,13.70347826,,,,11.03565217,0.017826087,6.699130435,11.03173913,2.274782609,0.431304348,0.210869565,0,0,0.21,,,,,,0,,-17
Hawaii high Si,1200,1800,,,3.3,,51.28782609,2.503478261,13.70347826,,,,11.03565217,0.017826087,6.699130435,11.03173913,2.274782609,0.431304348,0.210869565,0,0,0.21,,,,,,0,,-17
Hawaii high Si,1200,1800,,,3.4,,51.28782609,2.503478261,13.70347826,,,,11.03565217,0.017826087,6.699130435,11.03173913,2.274782609,0.431304348,0.210869565,0,0,0.21,,,,,,0,,-17
Hawaii high Si,1200,,,,3.5,,51.28782609,2.503478261,13.70347826,,,,11.03565217,0.017826087,6.699130435,11.03173913,2.274782609,0.431304348,0.210869565,0,0,0.21,,,,,,0,,-17
Hawaii high Si,1200,1800,,,3.6,,51.28782609,2.503478261,13.70347826,,,,11.03565217,0.017826087,6.699130435,11.03173913,2.274782609,0.431304348,0.210869565,0,0,0.21,,,,,,0,,-17
Hawaii high Si,1200,1800,,,3.7,,51.28782609,2.503478261,13.70347826,,,,11.03565217,0.017826087,6.699130435,11.03173913,2.274782609,0.431304348,0.210869565,0,0,0.21,,,,,,0,,-17
Hawaii high Si,1200,1800,,,3.8,,51.28782609,2.503478261,13.70347826,,,,11.03565217,0.017826087,6.699130435,11.03173913,2.274782609,0.431304348,0.210869565,0,0,0.21,,,,,,0,,-17
Hawaii high Si,1200,1800,,,3.9,,51.28782609,2.503478261,13.70347826,,,,11.03565217,0.017826087,6.699130435,11.03173913,2.274782609,0.431304348,0.210869565,0,0,0.21,,,,,,0,,-17
Hawaii high Si,1200,1800,,,4,,51.28782609,2.503478261,13.70347826,,,,11.03565217,0.017826087,6.699130435,11.03173913,2.274782609,0.431304348,0.210869565,0,0,0.21,,,,,,0,,-17
Hawaii high Si,1200,1800,,,4.1,,51.28782609,2.503478261,13.70347826,,,,11.03565217,0.017826087,6.699130435,11.03173913,2.274782609,0.431304348,0.210869565,0,0,0.21,,,,,,0,,-17
Hawaii high Si,1200,1800,,,4.2,,51.28782609,2.503478261,13.70347826,,,,11.03565217,0.017826087,6.699130435,11.03173913,2.274782609,0.431304348,0.210869565,0,0,0.21,,,,,,0,,-17
Hawaii high Si,1200,1800,,,4.3,,51.28782609,2.503478261,13.70347826,,,,11.03565217,0.017826087,6.699130435,11.03173913,2.274782609,0.431304348,0.210869565,0,0,0.21,,,,,,0,,-17
Hawaii high Si,1200,1800,,,4.4,,51.28782609,2.503478261,13.70347826,,,,11.03565217,0.017826087,6.699130435,11.03173913,2.274782609,0.431304348,0.210869565,0,0,0.21,,,,,,0,,-17
Hawaii high Si,1200,1800,,,4.5,,51.28782609,2.503478261,13.70347826,,,,11.03565217,0.017826087,6.699130435,11.03173913,2.274782609,0.431304348,0.210869565,0,0,0.21,,,,,,0,,-17
Hawaii high Si,1200,1800,,,4.6,,51.28782609,2.503478261,13.70347826,,,,11.03565217,0.017826087,6.699130435,11.03173913,2.274782609,0.431304348,0.210869565,0,0,0.21,,,,,,0,,-17
Hawaii high Si,1200,1800,,,4.7,,51.28782609,2.503478261,13.70347826,,,,11.03565217,0.017826087,6.699130435,11.03173913,2.274782609,0.431304348,0.210869565,0,0,0.21,,,,,,0,,-17
Hawaii high Si,1200,1800,,,4.8,,51.28782609,2.503478261,13.70347826,,,,11.03565217,0.017826087,6.699130435,11.03173913,2.274782609,0.431304348,0.210869565,0,0,0.21,,,,,,0,,-17
Hawaii high Si,1200,1800,,,4.9,,51.28782609,2.503478261,13.70347826,,,,11.03565217,0.017826087,6.699130435,11.03173913,2.274782609,0.431304348,0.210869565,0,0,0.21,,,,,,0,,-17
Hawaii high Si,1200,1800,,,5,,51.28782609,2.503478261,13.70347826,,,,11.03565217,0.017826087,6.699130435,11.03173913,2.274782609,0.431304348,0.210869565,0,0,0.21,,,,,,0,,-17
,,,,,,,,,,,,,,,,,,,,,,,,,,,,,,
Hawaii high Si,1200,4000,,,,,51.28782609,2.503478261,13.70347826,,,,11.03565217,0.017826087,6.699130435,11.03173913,2.274782609,0.431304348,0.210869565,0,0,5000,0.21,,,,,0,,-17
Hawaii high Si,1200,1800,,,,,51.28782609,2.503478261,13.70347826,,,,11.03565217,0.017826087,6.699130435,11.03173913,2.274782609,0.431304348,0.210869565,0,0,5000,0.3,,,,,0,,-17
496_4,1100,1800,200,,,,52.0645752,2.306264,14.0911392,,,,10.407984,0.1722792,6.3882296,10.5978174,2.1969676,0.359664,0,0.26,23.35,244.826,0.141,,,,,,,
498-7,1100,1800,200,,,,50.9480869,2.4363066,14.0130792,,,,10.1968009,0.163017,7.0909006,10.8472726,2.1527173,0.346428,0,0.13,4.27,92.029,0.175,,,,,,,
499-2B,1100,1800,200,,,,50.3727509,2.5321786,14.1456636,,,,9.872045,0.1658673,7.3815638,11.5154794,2.1970958,0.3205225,0,0.09,4.91,40.522,0.173,,,,,,,
499-8A,1100,1800,200,,,,50.4965385,2.5837786,14.2031788,,,,9.8835861,0.1586616,7.2645772,11.5391515,2.2062517,0.3215758,0,0.12,5.53,110.548,0.128,,,,,,,
499-8B,1100,1800,200,,,,50.31488025,2.45458636,14.22838128,,,,9.72130701,0.16034236,7.24468622,11.53341805,2.22030607,0.32187678,0,,,99.012,0.13,,,,,,,
499-8C,1100,1800,200,,,,50.3727509,2.5321786,14.1456636,,,,9.872045,0.1658673,7.3815638,11.5154794,2.1970958,0.3205225,0,,,122.536,0.123,,,,,,,
500-1,1100,1800,200,,,,52.1542787,1.940135,14.4995762,,,,9.4207323,0.1590192,6.9108885,9.8749977,2.3292014,0.4380071,0,0.35,36.95,917.2146667,0.19,,,,,,,
500-6,1100,1800,200,,,,54.202,2.302,13.575,,,,9.607,0.145,6.038,9.047,2.563,0.584,0,0.95,35.37,,0.198,,,,,,,
511-3C,1100,1800,200,,,,52.1542787,1.940135,14.4995762,,,,9.4207323,0.1590192,6.9108885,9.8749977,2.3292014,0.4380071,0,,,92,0.128,,,,,,,
511-5,1100,1800,200,,,,50.428239,2.7933915,13.8080767,,,,10.6036353,0.1711062,5.9621187,10.2716967,2.3160513,0.6680823,0,0.14,4.71,26.163,0.183,,,,,,,
511-6A,1100,1800,200,,,,49.0675972,3.0428745,14.1743987,,,,11.3695547,0.1712735,5.6910958,10.2491239,2.1220753,0.5103385,0,,,1417.516,0.497,,,,,,,
KOO_08-D4,1100,1800,200,,,,51.1540845,2.2993211,14.1341918,,,,10.0420853,0.156799,6.7730034,10.3396021,2.3171129,0.4389767,0,0.11,6,0,0.175,,,,,,,
KOO_D4-8,1100,1800,200,,,,53.647,2.063,13.749,,,,9.254,0.142,6.534,9.797,2.691,0.375,0,0.09,6.18,94.432,0.147,,,,,,,
K89-06,1100,1800,200,,,,51.2530068,1.9853404,14.1495708,,,,9.4987648,0.1515929,6.8958161,9.6240675,2.2482693,0.4472482,0,0.37,30.28,891.368,0.174,,,,,,,
Hawaii high Si,1200,1800,,,4,,51.28782609,2.503478261,13.70347826,,,,11.03565217,0.017826087,6.699130435,11.03173913,2.274782609,0.431304348,0.210869565,0,0,50000,,,,,,0,,-17
VG2,1200,1800,,,3,,50.81,1.85,14.06,2.23,9.83,,,0.22,6.95,11.12,2.62,0.19,0.2,0,0,1.00E+05,0.1,,,,,,,
VG2,1200,1800,,,3,,50.81,1.85,14.06,2.23,9.83,,,0.22,6.95,11.12,2.62,0.19,0.2,0.5,200,2000,,,,,,,,
VG2,1200,1800,,,3,,50.81,1.85,14.06,2.23,9.83,,,0.22,6.95,11.12,2.62,0.19,0.2,0.5,100,0,,,,,,,,
VG2,1200,1800,,,3,,50.81,1.85,14.06,2.23,9.83,,,0.22,6.95,11.12,2.62,0.19,0.2,0.5,100,2000,,,,,,,,
VG2,1200,1800,,,3,,50.81,1.85,14.06,2.23,9.83,,,0.22,6.95,11.12,2.62,0.19,0.2,0.1,200,0,,,,,,,,
VG2,1200,1800,,,3,,50.81,1.85,14.06,2.23,9.83,,,0.22,6.95,11.12,2.62,0.19,0.2,0.1,200,2000,,,,,,,,
VG2,1200,1800,,,3,,50.81,1.85,14.06,2.23,9.83,,,0.22,6.95,11.12,2.62,0.19,0.2,0.1,100,0,,,,,,,,
VG2,1200,1800,,,3,,50.81,1.85,14.06,2.23,9.83,,,0.22,6.95,11.12,2.62,0.19,0.2,0.1,100,2000,,,,,,,,
Hawaii high Si,1200,,,,0,,51.28782609,2.503478261,13.70347826,,,,11.03565217,0.017826087,6.699130435,11.03173913,2.274782609,0.431304348,0.210869565,1,200,2000,,,,,,0,,-17
Hawaii high Si,1200,,,,0,,51.28782609,2.503478261,13.70347826,,,,11.03565217,0.017826087,6.699130435,11.03173913,2.274782609,0.431304348,0.210869565,0.9,180,2000,,,,,,0,,-17
Hawaii high Si,1200,,,,0,,51.28782609,2.503478261,13.70347826,,,,11.03565217,0.017826087,6.699130435,11.03173913,2.274782609,0.431304348,0.210869565,0.8,160,2000,,,,,,0,,-17
Hawaii high Si,1200,,,,0,,51.28782609,2.503478261,13.70347826,,,,11.03565217,0.017826087,6.699130435,11.03173913,2.274782609,0.431304348,0.210869565,0.7,140,2000,,,,,,0,,-17
Hawaii high Si,1200,,,,0,,51.28782609,2.503478261,13.70347826,,,,11.03565217,0.017826087,6.699130435,11.03173913,2.274782609,0.431304348,0.210869565,0.6,120,2000,,,,,,0,,-17
Hawaii high Si,1200,,,,0,,51.28782609,2.503478261,13.70347826,,,,11.03565217,0.017826087,6.699130435,11.03173913,2.274782609,0.431304348,0.210869565,0.5,100,2000,,,,,,0,,-17
Hawaii high Si,1200,,,,0,,51.28782609,2.503478261,13.70347826,,,,11.03565217,0.017826087,6.699130435,11.03173913,2.274782609,0.431304348,0.210869565,0.4,80,2000,,,,,,0,,-17
Hawaii high Si,1200,,,,0,,51.28782609,2.503478261,13.70347826,,,,11.03565217,0.017826087,6.699130435,11.03173913,2.274782609,0.431304348,0.210869565,0.3,60,2000,,,,,,0,,-17
Hawaii high Si,1200,,,,0,,51.28782609,2.503478261,13.70347826,,,,11.03565217,0.017826087,6.699130435,11.03173913,2.274782609,0.431304348,0.210869565,0.2,40,2000,,,,,,0,,-17
Hawaii high Si,1200,,,,0,,51.28782609,2.503478261,13.70347826,,,,11.03565217,0.017826087,6.699130435,11.03173913,2.274782609,0.431304348,0.210869565,0.1,20,2000,,,,,,0,,-17
Hawaii high Si,1200,,,,0,,51.28782609,2.503478261,13.70347826,,,,11.03565217,0.017826087,6.699130435,11.03173913,2.274782609,0.431304348,0.210869565,1,200,2000,,,,,,0,,-17
Hawaii high Si,1200,,,,0,,51.28782609,2.503478261,13.70347826,,,,11.03565217,0.017826087,6.699130435,11.03173913,2.274782609,0.431304348,0.210869565,0.1,10,2000,,,,,,0,,-17
St8.1.A5,1150,1500,,,,,48.89,0.78,17.56,,,,6.96,0,6.28,10.33,1.97,1.34,0,2.57,300,1719,0.4,,,,,,,
St8.1.A1,1150,2000,,,,,48.06,0.75,17.47,,,,6.9,0,6.11,10.29,1.9,1.34,0,2.7,515,1733,0.36,,,,,,,
St8.1.A3,1150,2500,,,,,48.44,0.79,17.49,,,,7.08,0,5.95,10.12,1.93,1.38,0,2.86,575,1595,0.31,,,,,,,
St8.1.A4,1150,3000,,,,,48.19,0.76,17.48,,,,6.97,0,6.08,10.27,1.95,1.36,0,3.05,960,1721,0.33,,,,,,,
St8.1.A10,1150,4000,,,,,49.85,0.79,17.6,,,,6.98,0,6.05,10.34,1.96,1.41,0,3.17,1540,1564,0.32,,,,,,,
St8.1.B7,1150,500,,,,,50.02,0.82,17.99,,,,7.05,0,5.86,10.7,1.9,1.37,0,1.87,60,1607,0.32,,,,,,,
St8.1.B2,1150,1000,,,,,49.36,0.8,17.73,,,,6.94,0,5.86,10.78,1.88,1.36,0,2.4,60,3043,0.34,,,,,,,
St8.1.B5,1150,1500,,,,,49.23,0.81,17.89,,,,7,0,5.67,10.57,1.89,1.36,0,2.65,230,3170,0.37,,,,,,,
St8.1.B3,1150,2500,,,,,48.72,0.79,17.95,,,,6.95,0,5.88,10.68,1.93,1.34,0,3.01,635,3240,0.34,,,,,,,
St8.1.B4,1150,3000,,,,,49.33,0.82,17.69,,,,6.96,0,5.55,10.45,1.91,1.39,0,3.11,920,3140,0.32,,,,,,,
MAS.1.A7,1150,500,,,,,48.7,1.14,18.72,,,,10.95,0,3.36,8.82,2.7,1.19,0,2.03,90,270,0.25,,,,,,,
MAS.1.A2,1150,1000,,,,,48.78,1.12,18.08,,,,10.96,0,3.52,9.04,2.66,1.18,0,2.13,120,395,0.33,,,,,,,
MAS.1.A5,1150,1500,,,,,49.53,1.15,18.12,,,,10.65,0,3.43,8.8,2.69,1.16,0,2.22,225,410,0.34,,,,,,,
MAS.1.A1,1150,2000,,,,,48.61,1.14,17.78,,,,10.94,0,3.29,9.21,2.62,1.18,0,2.58,490,480,0.32,,,,,,,
MAS.1.A3,1150,2500,,,,,48.6,1.13,18.51,,,,10.94,0,3.26,8.99,2.68,1.19,0,2.62,610,370,0.3,,,,,,,
MAS.1.A4,1150,3000,,,,,48.93,1.14,18.44,,,,10.92,0,3.18,8.87,2.65,1.18,0,2.54,750,310,0.28,,,,,,,
MAS.1.B2,1150,1000,,,,,48.57,1.16,17.83,,,,11,0,3.1,9.22,2.83,1.24,0,2.2,65,870,0.31,,,,,,,
MAS.1.B5,1150,1500,,,,,49.09,1.14,18.26,,,,10.73,0,2.85,8.95,2.88,1.27,0,2.24,195,935,0.32,,,,,,,
MAS.1.B3,1150,2500,,,,,48.3,1.15,17.96,,,,10.98,0,3.24,9.3,2.73,1.2,0,2.44,450,835,0.32,,,,,,,
MAS.1.B4,1150,3000,,,,,48.7,1.14,18.27,,,,10.71,0,3.13,9.1,2.82,1.24,0,2.55,705,605,0.18,,,,,,,
JDF D1-4G,1087,1,,,,,52.69,3.14,12.02,,,,16.26,0,3.2,7.84,3.55,0.46,0.47,,,,0.106,0.0184,,,,,,
Lamont seamounts 1560-1843Z,1217,1,,,,,49.32,1.36,16.99,,,,8.95,0,7.84,11.95,3.34,0.04,0.14,,,,0.201,0.0951,,,,,,
Lamont seamounts 1567-2019Z,1221,1,,,,,49.87,1.2,16.03,,,,9.11,0,8.28,12.7,2.44,0.09,0.14,,,,0.094,0.0905,,,,,,
Lamont seamounts 1564-1857,1240,1,,,,,48.94,0.96,17.02,,,,8.82,0,9.18,12.8,2.3,0.04,0.12,,,,0.107,0.0649,,,,,,
Lamont seamounts F2-2,1253,1,,,,,48.79,0.83,17.91,,,,8.4,0,9.53,12.9,2.08,0.01,0.09,,,,0.108,0.0679,,,,,,
Loihi Seamount KK-15-5,1170,1,,,,,47.1,3.05,13.4,,,,11.4,0.17,6.39,11.8,3.1,0.84,0.37,,,,0.138,0.2675,,,,,,
Loihi Seamount KK-29-10,1195,1,,,,,49.9,2.41,13.5,,,,11,0.16,8.03,11.1,2.21,0.35,0.22,,,,0.076,0.1919,,,,,,
Loihi Seamount KK-16-1,1189,1,,,,,50.1,2.1,13.7,,,,11.1,0.17,7.91,11,2.35,0.32,0.19,,,,0.129,0.11575,,,,,,
,,,,,,,,,,,,,,,,,,,,,,,,,,,,,,
FS-XS_8#,1200,,,1.1,,-6.6,48.5,1.1,11.4,,,,9.5,0.2,10.9,14.8,2,1,0.6,5.77,2652,0,0.306,,2330,,,,,
FS-XS_15#,1200,,,0.7,,-7,50.6,1.2,11.7,,,,8.3,0.1,9.9,13,2.3,1.8,0.9,1.93,900,0,0.274,,235,,,,,
FS-XS_20#,1200,,,1.4,,-6.3,49.3,1,10.7,,,,8.8,0.1,10.7,16,2,0.8,0.4,2.81,1526,0,0.352,,2980,,,,,
FSXS_22a#,1200,,,1.2,,-6.5,49.1,1.2,12,,,,8.5,0.1,9.1,15.8,2.2,1.3,0.5,4.81,2786,0,0.327,,3445,,,,,
FSXS_22b#,1200,,,1.2,,-6.6,49.5,1.2,11.3,,,,8.7,0.1,9.4,16.3,2,1,0.5,2.33,2033,0,0.329,,2613,,,,,
FSXS_28a#,1200,,,1.6,,-6.2,49.7,1,10.8,,,,8.8,0.2,10.9,15.4,1.8,0.9,0.4,2.48,2079,0,0.358,,2690,,,,,
FSXS_28b#,1200,,,1.3,,-6.4,49.4,1,10.9,,,,8.8,0.1,10.9,15.8,1.8,0.8,0.4,2.92,1892,0,0.336,,2490,,,,,
FS-XS_30#,1200,,,1.2,,-6.5,50.2,0.9,11.7,,,,8.7,0.2,10.5,14.4,2,1,0.3,2.51,1106,0,0.321,,2308,,,,,
FS-XS_35#,1200,,,1.2,,-6.5,51.3,1,12,,,,7.9,0.1,8.6,15.8,2.1,1,0.2,3.99,1632,0,0.333,,2460,,,,,
FS-XS_41#,1200,,,0.8,,-6.9,49.7,0.9,11.3,,,,9.1,0.2,10.1,15.2,1.9,1.3,0.3,4.31,687,0,0.287,,1798,,,,,
FS_00*,1200,,,0.7,,-7,51.7,0.9,11.1,,,,8.9,0.1,9.8,14.3,2.1,0.9,0,3.7,882,0,0.277,,1100,,,,,
2006_4*,1140,,,0.4,,-7.9,51.4,1.7,16.3,,,,10.6,0.1,3.8,8.1,4.8,2.4,0.9,0.92,470,0,0.248,,380,,,,,
2008_1*,1140,,,-0.8,,-9.5,50.1,2.1,17.3,,,,9.1,0.2,3.5,8.9,4.8,2.9,1,0.13,430,0,0.168,,284,,,,,
TAO_MI2_a_a,1150,,,,,,44.2,3.2,14.5,,,,8.4,0.2,13.3,5.7,3.3,1.4,1.1,0.5,796,3020,0.27,,,,,,,
TAO_MI3_a_a,1150,,,,,,44.6,3,14.7,,,,8.5,0.2,13.4,5.7,3.8,1.4,1,1.7,2858,2836,0.22,,,,,,,
TAO_MI4_a_a,1150,,,,,,43.9,3.1,16,,,,9.7,0.2,10.7,5.5,5.2,1.7,1.6,1,899,2693,0.25,,,,,,,
Fogo11_MI1_a,1150,,,,,,41.8,3.6,15.7,,,,10.8,0.2,11.5,5,3.5,2.9,1.3,2.6,3854,3603,0.3,,,,,,,
Fogo05_MI12_a_a,1150,,,,,,45.7,3.5,16.8,,,,8.2,0.4,14,3,3.1,2.9,0.6,1.8,4487,2996,0.23,,,,,,,
EH_MIB4_M1_a,1150,,,,,,41.8,5.2,15,,,,12.1,0.1,12.8,5,4.1,1.6,1.1,0.9,1650,2671,0.19,,,,,,,
EH_MIB4_M2_a,1150,,,,,,41.1,5.3,15,,,,11.8,0.2,12.6,4.8,4.2,1.5,1,0.7,2151,2312,0.2,,,,,,,
EH_MIA1_M1_a,1150,,,,,,42.7,4.1,14.7,,,,10.7,0.1,10.3,5.3,3.9,1.6,1.1,0.8,1108,3682,0.27,,,,,,,
EH_MIA2_M1_a,1150,,,,,,43.8,5.1,14.7,,,,10.6,0,12.1,5.4,3.3,1.4,0.8,1.2,2332,3135,0.24,,,,,,,
EH_MIB8_Emb,1150,,,,,,48.6,4.5,17.5,,,,11.1,0.1,9.6,4.4,5,2,1.1,0.5,888,361,0.15,,,,,,,
C1,1150,,,,,,45.1,4.3,15.4,,,,11.9,0.2,10.8,4.8,4.7,1.7,1.1,0.7,428,417,0.17,,,,,,,
C2,1150,,,,,,45.1,4.3,15.4,,,,11.9,0.2,10.8,4.8,4.7,1.7,1.1,0.7,428,417,0.17,,,,,,,
C3,1150,,,,,,44.8,4.5,15.2,,,,11.9,0.2,11.2,4.7,4.6,1.7,1.1,1,155,1033,0.18,,,,,,,
C4,1150,,,,,,44.8,4.5,15.2,,,,11.9,0.2,11.2,4.7,4.6,1.7,1.1,1,155,1033,0.18,,,,,,,
C7,1150,,,,,,45.2,4.3,15.5,,,,12,0.2,10.3,4.5,4.9,2,1.1,0.5,49,470,0.18,,,,,,,
C8,1150,,,,,,44.9,4.4,15.5,,,,12,0.2,10.4,4.7,4.9,1.9,1.1,0.4,61,443,0.15,,,,,,,
C9,1150,,,,,,44.9,4.4,15.5,,,,12,0.2,10.4,4.7,4.9,1.9,1.1,0.4,61,443,0.15,,,,,,,
C10,1150,,,,,,44.6,4.7,15.5,,,,12.3,0.2,10.2,4.7,4.9,2,1.1,0.5,84,560,0.16,,,,,,,
C11,1150,,,,,,44.6,4.7,15.5,,,,12.3,0.2,10.2,4.7,4.9,2,1.1,0.5,84,560,0.16,,,,,,,
C12,1150,,,,,,44.6,4.7,15.5,,,,12.3,0.2,10.2,4.7,4.9,2,1.1,0.5,84,560,0.16,,,,,,,
NYA07-2-grain3-MI1B,1140,1,,,,,41.94,5.03,15.58,,,,10.45,0.19,6.57,11.93,3.06,2.35,0.56,,,,0.11,0.04,,,,,,
NYA07-1-grain3-MI1,1140,1,,,,,43.8,3.3,14.86,,,,14.81,0.26,5.34,9.32,4.46,2.63,0.46,,,,0.11,0.01,,,,,,
NYA07-1-grain15-MI1,1140,1,,,,,44.56,2.6,17.52,,,,11.09,0.22,6.24,8.85,3.42,2.41,0.39,,,,0.12,0.03,,,,,,
FTIR-grainCa-MI1,1140,1,,,,,44.93,3.69,15.42,,,,8.67,0.19,6.22,13.06,2.74,2.26,0.47,,,,0.14,0.05,,,,,,
FTIR-grainG-MI1B,1140,1,,,,,44.42,3.65,15.93,,,,11.28,0.18,6.17,9.86,3.29,2.61,0.47,,,,0.13,0.02,,,,,,
NYA07-6-grain3-MI2,1103.424208,1,,,,,47.16,3.25,16.68,,,,10.95,0.22,3.94,8.81,1.96,3.53,0.55,,,,0.08,0.11,,,,,,
NYA07-6-grain3-MI3,1107.068765,1,,,,,46.31,3.62,16.18,,,,10.2,0.21,4.23,11.7,3.13,1.88,0.47,,,,0.08,0.18,,,,,,
NYA07-6-grain4-MI1,1119.184007,1,,,,,45.7,3.42,15.9,,,,11.59,0.24,4.17,9.96,2.92,2.65,0.56,,,,0.08,0.06,,,,,,
NYA07-6-grain5-MI1,1112.233438,1,,,,,46.61,3.54,16.88,,,,11.48,0.23,4.07,9.25,2.59,2.8,0.52,,,,0.11,0.03,,,,,,
NYA07-6-grain7-MI1,1133.203875,1,,,,,45.28,3.48,15.75,,,,11.48,0.23,4.38,9.78,3.22,2.78,0.48,,,,0.12,0.03,,,,,,
NYA07-5-grain1-MI2,1148.019047,1,,,,,44.09,3.41,15.17,,,,11.66,0.19,5.16,11.38,3.21,2.09,0.55,,,,0.13,0.04,,,,,,
NYA07-5-grain4-MI1,1083.449517,1,,,,,45.37,3.61,16.12,,,,11.21,0.19,3.43,11.55,3.04,2.25,0.44,,,,0.17,0.04,,,,,,
NYA07-5-grain4-MI2,1127.31628,1,,,,,44.92,3.51,15.31,,,,11.87,0.17,4.73,11.28,2.69,2.1,0.44,,,,0.13,0.07,,,,,,
NYA07-5-grain9-MI1,1124.620214,1,,,,,45.06,3.43,15.41,,,,12,0.19,4.5,11.18,2.93,2.19,0.45,,,,0.14,0.03,,,,,,
NYA07-5-grain10-MI2,1121.817545,1,,,,,44.73,3.35,15.37,,,,11.92,0.17,4.35,11.56,3.09,2.16,0.48,,,,0.11,0.01,,,,,,
NYA07-5-grain12-MI1,1133.523692,1,,,,,44.63,3.54,15.52,,,,11.84,0.22,4.53,10.45,3.36,2.33,0.55,,,,0.13,0.02,,,,,,
NYA07-5-grain12-MI2B,1115.706463,1,,,,,44.69,3.68,15.6,,,,11.87,0.16,4.23,11.69,3.04,2.19,0.47,,,,0.13,0.05,,,,,,
NYA07-6-grain3-MI1B,1114.511342,1,,,,,46.12875,3.65375,16.355,,,,11.01875,0.23,4.00375,10.51875,2.62625,2.605,0.45875,,,,0.09,0.55,,,,,,
NYA07-6-grain9-MI1,1114.511342,1,,,,,46.12875,3.65375,16.355,,,,11.01875,0.23,4.00375,10.51875,2.62625,2.605,0.45875,,,,0.06,0.2,,,,,,
NYA07-6-grain11-MI1,1114.511342,1,,,,,46.12875,3.65375,16.355,,,,11.01875,0.23,4.00375,10.51875,2.62625,2.605,0.45875,,,,0.09,0.22,,,,,,
NYA07-6-grain11-MI2,1114.511342,1,,,,,46.12875,3.65375,16.355,,,,11.01875,0.23,4.00375,10.51875,2.62625,2.605,0.45875,,,,0.08,0.28,,,,,,
1986 matrix glassf,1114.511342,1,,,,,46.12875,3.65375,16.355,,,,11.01875,0.23,4.00375,10.51875,2.62625,2.605,0.45875,,,,0.2,0.06,,,,,,
NYA07-5-grain1-MI1B,1128.489645,1,,,,,44.794,3.513,15.483,,,,11.658,0.192,4.349,11.351,2.892,2.194,0.569,,,,0.16,0.07,,,,,,
NYA07-5-grain2-MI1,1128.489645,1,,,,,44.794,3.513,15.483,,,,11.658,0.192,4.349,11.351,2.892,2.194,0.569,,,,0.12,0.02,,,,,,
NYA07-5-grain3-MI1,1128.489645,1,,,,,44.794,3.513,15.483,,,,11.658,0.192,4.349,11.351,2.892,2.194,0.569,,,,0.11,0.08,,,,,,
NYA07-5-grain7-MI1,1128.489645,1,,,,,44.794,3.513,15.483,,,,11.658,0.192,4.349,11.351,2.892,2.194,0.569,,,,0.09,0.06,,,,,,
NYA07-5-grain8-MI1,1128.489645,1,,,,,44.794,3.513,15.483,,,,11.658,0.192,4.349,11.351,2.892,2.194,0.569,,,,0.14,0.07,,,,,,
NYA07-5-grain8-MI2,1128.489645,1,,,,,44.794,3.513,15.483,,,,11.658,0.192,4.349,11.351,2.892,2.194,0.569,,,,0.12,0.05,,,,,,
NYA07-5-grain10-MI3,1128.489645,1,,,,,44.794,3.513,15.483,,,,11.658,0.192,4.349,11.351,2.892,2.194,0.569,,,,0.12,0.08,,,,,,
NYA07-5-grain13-MI1,1128.489645,1,,,,,44.794,3.513,15.483,,,,11.658,0.192,4.349,11.351,2.892,2.194,0.569,,,,0.11,0.02,,,,,,
NYA07-1-grain1-MI1,1198.457653,1,,,,,45.2,3.81,14.9,,,,13.48,0.21,5.52,8.26,3.75,2.71,0.53,,,,0.12,0,,,,,,
NYA07-1-grain4-MI1,1189.472472,1,,,,,44.75,2.77,17.42,,,,11.28,0.25,5.9,9.25,3.39,2.4,0.33,,,,0.11,0,,,,,,
FTIR-grainB-MI1,1195.601107,1,,,,,43.51,3.55,15.78,,,,12.11,0.24,5.74,10.2,3.7,2.55,0.48,,,,0.13,0,,,,,,
FTIR-grainD-MI1,1190.873142,1,,,,,44.74,3.71,15.24,,,,11.16,0.2,5.94,10.99,3.34,2.46,0.49,,,,0.13,0,,,,,,
FTIR-grainE-MI1B,1193.717278,1,,,,,43.32,3.61,15.43,,,,9,0.15,6.51,13,3.2,2.27,0.44,,,,0.13,0,,,,,,
NYA07-6-grain6-MI1,1102.568093,1,,,,,45.66,3.44,16.4,,,,10.36,0.21,4.2,12.85,2.57,1.99,0.33,,,,0.08,0,,,,,,
NYA07-6-grain6-MI3,1114.511342,1,,,,,46.12875,3.65375,16.355,,,,11.01875,0.23,4.00375,10.51875,2.62625,2.605,0.45875,,,,0.08,0,,,,,,
VG2,1300,1,,,,,50.81,1.85,14.06,2.23,9.83,,,0.22,6.95,11.12,2.62,0.19,0.2,0.02,,,,0.079,,,,,,
VG2,1200,1,,,,,50.81,1.85,14.06,2.23,9.83,,,0.22,6.95,11.12,2.62,0.19,0.2,0.02,,,,0.079,,,,,,
VG2,1100,1,,,,,50.81,1.85,14.06,2.23,9.83,,,0.22,6.95,11.12,2.62,0.19,0.2,0.02,,,,0.079,,,,,,
VG2,1000,1,,,,,50.81,1.85,14.06,2.23,9.83,,,0.22,6.95,11.12,2.62,0.19,0.2,0.02,,,,0.079,,,,,,
VG2,900,1,,,,,50.81,1.85,14.06,2.23,9.83,,,0.22,6.95,11.12,2.62,0.19,0.2,0.02,,,,0.079,,,,,,
F9_min_g01_matricG_01_114,1097,1,,,,,51.24,4.5,12.33,,,,14.73,0.19,4.13,8.17,2.97,1.1,0.6,,,,0.117,0.004,,,,,,
F9_min_g01_matricG_01_115,1097,1,,,,,51.43,4.56,12.35,,,,14.58,0.19,4.11,8.18,2.84,1.12,0.59,,,,0.132,0.049,,,,,,
F9_min_g03_matricG_01_124,1097,1,,,,,52.2,4.48,12.67,,,,13.53,0.19,4.12,8.19,2.84,1.15,0.55,,,,0.122,0.004,,,,,,
F9_min_g03_matricG_01_125,1098,1,,,,,51.48,4.47,12.63,,,,14.03,0.2,4.18,8.23,3,1.13,0.56,,,,0.122,0.004,,,,,,
F9_min_g03_matricG_01_126,1100,1,,,,,51.17,4.51,12.46,,,,14.65,0.2,4.26,8.22,2.84,1.04,0.58,,,,0.129,0.011,,,,,,
F9_min_g03_matricG_01_127,1102,1,,,,,51.56,4.64,12.34,,,,13.83,0.21,4.35,8.44,2.93,1.01,0.61,,,,0.129,0.011,,,,,,
F9_mins-f01_fsp_RE_01_106,1108,1,,,,,51.35,5.15,10.9,,,,14.74,0.19,4.66,8.07,2.72,1.47,0.7,,,,0.14,0.023,,,,,,
F9_mins-f01_fsp_RE_01_107,1091,1,,,,,50.96,4.8,11.57,,,,16.09,0.24,3.85,8.16,2.39,1.22,0.66,,,,0.14,0.023,,,,,,
F9_mins_g01_fsp_RE_01_110,1085,1,,,,,51.42,5.06,12.57,,,,14.77,0.21,3.51,7.64,2.93,1.13,0.68,,,,0.116,0.082,,,,,,
F9_mins_g01_fsp_RE_01_111,1088,1,,,,,51.04,4.73,12.39,,,,15.33,0.21,3.67,7.99,2.79,1.15,0.62,,,,0.116,0.082,,,,,,
F9_mins_g03_Res_01_123,1107,1,,,,,49.94,4.6,12.18,,,,15.57,0.21,4.62,8.5,2.59,1.05,0.58,,,,0.162,0.05,,,,,,
F9_mins_g05_Res_01_137,1108,1,,,,,51.2,4.26,12.21,,,,14.82,0.22,4.66,8.24,2.52,1.17,0.49,,,,0.165,0.144,,,,,,
F9_mins_g05_Res_01_138,1109,1,,,,,51.49,4.15,12.43,,,,13.8,0.2,4.73,8.43,3.04,1.16,0.44,,,,0.163,0.076,,,,,,
F9_mins_g05_Res_01_139,1110,1,,,,,51.09,4.1,12.7,,,,13.84,0.21,4.76,8.44,3.21,1.09,0.44,,,,0.163,0.076,,,,,,
F9_mins_g05_MI_3_146,1097,1,,,,,65.02,1.59,12.83,,,,8.19,0.15,1.26,4.07,3.73,2.47,0.6,,,,0.143,0.027,,,,,,
F9_mins_g05_MI_3_147,1098,1,,,,,51.76,4.36,13.14,,,,13.31,0.21,4.17,8.38,2.88,1.1,0.61,,,,0.143,0.027,,,,,,
KE62-3256s_8_interstitialG_190,1039,1,,,,,65.02,1.59,12.83,,,,8.19,0.15,1.26,4.07,3.73,2.47,0.57,,,,0.15,0.006,,,,,,
KE62-3256s_11_interstitialG_193,1039,1,,,,,64.36,1.49,13.36,,,,8.22,0.16,1.24,4.3,3.78,2.45,0.54,,,,0.141,0.011,,,,,,
KE62_3256s_11_interstitialG_194,1038,1,,,,,63.2,1.49,13.81,,,,9.28,0.17,1.22,4.22,3.54,2.42,0.53,,,,0.141,0.011,,,,,,
KE62-3256s_2_MI_183,1041,1,,,,,62.87,1.8,12.86,,,,9.76,0.19,1.34,4.64,3.27,2.36,0.75,,,,0.158,0.079,,,,,,
KE62_3256s_8_MI_187,1057,1,,,,,59.15,1.9,15.96,,,,7.46,0.14,2.13,4.99,4.81,2.34,0.96,,,,0.191,0.107,,,,,,
KE62_3256s_11_MI_191,1042,1,,,,,64.55,1.38,13.58,,,,9.29,0.16,1.41,4.31,2.39,2.52,0.3,,,,0.169,0.131,,,,,,
KE62-3256s_1_MI_181,,1,,,,,51.08,3.47,10.31,,,,14.52,0.23,7.28,9.4,2.58,0.64,0.37,,,,0.221,0.174,,,,,,
KE62_3256s_5ish_MI_185,,1,,,,,50.94,3.54,10.25,,,,14.16,0.23,7.53,9.5,2.57,0.65,0.39,,,,0.228,0.138,,,,,,
KE62-3293S_1_G01_MatrixGlass_51,1136,1,,,,,51.44,2.79,13.89,,,,11.52,0.2,6.08,10.64,2.53,0.58,0.33,,,,0.164,0.064,,,,,,
KE62-3293S_1_G01_MatrixGlass_52,1134,1,,,,,51.84,2.79,13.97,,,,11.45,0.18,5.95,10.56,2.29,0.57,0.34,,,,0.173,0.041,,,,,,
KE62-3293S_glass_1_220,1144,1,,,,,50.86,2.75,13.36,,,,12.21,0.18,6.48,10.65,2.61,0.55,0.3,,,,0.144,0.027,,,,,,
KE62-3293S_glass_1_221,1142,1,,,,,51.83,2.8,13.83,,,,10.96,0.18,6.36,10.64,2.54,0.51,0.32,,,,0.16,0.062,,,,,,
KE62-3293S_glass_1_222,1143,1,,,,,51.34,2.78,13.61,,,,11.45,0.18,6.42,10.71,2.63,0.52,0.32,,,,0.146,0.025,,,,,,
KE62-3293S_glass_1_223,1142,1,,,,,51.68,2.73,13.36,,,,11.37,0.18,6.37,10.66,2.81,0.51,0.3,,,,0.144,0.027,,,,,,
KE62-3293S_glass_1_224,1144,1,,,,,51.75,2.85,13.19,,,,11.12,0.18,6.47,10.81,2.71,0.56,0.31,,,,0.146,0.025,,,,,,
KE62-3293S_glass_1b_303,1142,1,,,,,51.1,2.76,13.78,,,,11.71,0.18,6.39,10.6,2.59,0.51,0.33,,,,0.146,0.025,,,,,,
KE62-3293S_glass_1b_304,1142,1,,,,,51.25,2.75,13.86,,,,11.66,0.18,6.36,10.59,2.47,0.52,0.31,,,,0.146,0.025,,,,,,
KE62-3293S_glass_1b_305,1143,1,,,,,51,2.76,13.76,,,,11.76,0.18,6.4,10.64,2.58,0.56,0.33,,,,0.144,0.027,,,,,,
KE62-3293S_glass_1c_481,1143,1,,,,,51.42,2.73,13.36,,,,11.74,0.18,6.42,10.46,2.73,0.61,0.31,,,,0.146,0.025,,,,,,
KE62-3293S_glass_1c_482,1143,1,,,,,51.17,2.8,13.62,,,,11.76,0.17,6.46,10.56,2.53,0.57,0.32,,,,0.16,0.062,,,,,,
KE62-3923s_mount1_G02_matrixG_156,1131,1,,,,,51.2,2.68,14.91,,,,11.61,0.18,5.84,10.34,2.4,0.55,0.29,,,,0.128,0.044,,,,,,
KE62-3923s_1a_matrixG_92,1139,1,,,,,50.81,2.7,14.42,,,,11.9,0.18,6.22,10.33,2.59,0.56,0.29,,,,0.145,0.036,,,,,,
KE62-3923s_1a_matrixG_93,1137,1,,,,,50.47,2.68,14.38,,,,12.52,0.18,6.1,10.23,2.57,0.58,0.27,,,,0.157,0.05,,,,,,
KE62-3923s_4matrixG_97,1135,1,,,,,50.76,2.75,14.18,,,,12.23,0.19,6.02,10.3,2.68,0.58,0.3,,,,0.148,0.092,,,,,,
KE62-3923s_4matrixG_96,1135,1,,,,,51.44,2.82,14.05,,,,11.76,0.18,6.03,10.37,2.49,0.54,0.31,,,,0.14,0.021,,,,,,
KE62-3923s_mins_g08_RE_149,1140,1,,,,,50.35,2.7,14.66,,,,12.06,0.18,6.29,10.4,2.55,0.52,0.27,,,,0.171,0.058,,,,,,
KE62-3923s_mins_g08_RE_150,1140,1,,,,,51.04,2.67,14.28,,,,11.87,0.18,6.29,10.44,2.42,0.52,0.27,,,,0.164,0.049,,,,,,
KE62-3923s_mins_g08_RE_151,1141,1,,,,,51.53,2.66,14.15,,,,11.12,0.18,6.32,10.47,2.76,0.52,0.28,,,,0.153,0.056,,,,,,
KE62-3923s_mins_g08_RE_152,1142,1,,,,,51.55,2.65,14.01,,,,11.49,0.19,6.39,10.53,2.41,0.5,0.28,,,,0.159,0.065,,,,,,
KE62-3923s_mins_g08_RE_153,1143,1,,,,,51.18,2.62,14.02,,,,11.71,0.19,6.4,10.32,2.74,0.53,0.28,,,,0.162,0.123,,,,,,
KE62-3923s_mins_g11_RE_2_486,1139,1,,,,,50.96,2.74,13.65,,,,12.27,0.18,6.2,10.46,2.59,0.54,0.32,,,,0.16,0.048,,,,,,
KE62-3923s_mins_g11_RE_2_487,1139,1,,,,,50.77,2.78,13.67,,,,12.32,0.18,6.23,10.45,2.71,0.49,0.31,,,,0.156,0.05,,,,,,
KE62-3923s_mins_g11_RE_2_488,1140,1,,,,,50.92,2.82,13.66,,,,12.05,0.18,6.28,10.5,2.62,0.53,0.33,,,,0.156,0.05,,,,,,
KE62-3923s_mins_g11_RE_2_489,1139,1,,,,,51.01,2.85,13.46,,,,12.44,0.18,6.22,10.34,2.6,0.51,0.32,,,,0.138,0.035,,,,,,
KE62-3923s_mins_g11_RE_2_490,1139,1,,,,,50.58,2.78,13.89,,,,12.31,0.18,6.22,10.3,2.79,0.57,0.31,,,,0.138,0.035,,,,,,
KE62-3923s_mins_g11_RE_2_491,1138,1,,,,,51.35,2.75,13.96,,,,11.81,0.19,6.18,10.4,2.44,0.55,0.33,,,,0.148,0.027,,,,,,
KE62-3923s_mins_g11_RE_2_493,1141,1,,,,,51.44,2.82,13.66,,,,11.54,0.19,6.3,10.62,2.44,0.58,0.35,,,,0.148,0.027,,,,,,
KE62-3923s_mins_g11_RE_2_494,1138,1,,,,,50.92,2.74,13.65,,,,12.47,0.18,6.18,10.34,2.56,0.55,0.32,,,,0.156,0.05,,,,,,
KE62-3923s_mins_g11_RE_2_495,1138,1,,,,,51.6,2.77,13.23,,,,12.02,0.17,6.17,10.46,2.61,0.55,0.33,,,,0.16,0.048,,,,,,
KE62-3923s_mins_g11_RE_2_496,1140,1,,,,,51.04,2.77,13.6,,,,11.98,0.18,6.25,10.48,2.68,0.58,0.32,,,,0.16,0.048,,,,,,
KE62-3923s_1a_MI_263,1201,1,,,,,50.5,1.99,14.22,,,,11.55,0.17,7.97,10.53,2.35,0.4,0.22,,,,0.17,0.164,,,,,,
KE62_3923s_1b_MI_264,1204,1,,,,,51.24,1.82,14.12,,,,11.57,0.15,7.94,10.05,2.47,0.33,0.23,,,,0.172,0.126,,,,,,
"KE62-3923s_4a_MI_266,267 avg",1327,1,,,,,48.6,1.82,12.22,,,,11.55,0.13,13.39,9.63,2.05,0.37,0.18,,,,0.145,0.103,,,,,,
KE62_3923s_4b_MI_268,1346,1,,,,,48.1,1.87,12.36,,,,11.54,0.11,14.31,9.14,2.02,0.31,0.18,,,,0.149,0.251,,,,,,
"LB_1_Mis_pyrite-26 S peak_292,293,294,142 avg",1301,1,,,,,48.85,1.93,12.86,,,,11.54,0.12,12.15,9.77,2.02,0.42,0.22,,,,0.294,0.951,,,,,,
LB_1b_pyrite-26 S peak_109,1321,1,,,,,48.14,1.86,12.7,,,,11.54,0.12,12.97,9.71,2.24,0.38,0.21,,,,0.314,0.947,,,,,,
"LB_2_MI_pyrite-26 S peak_299,300 avg",1296,1,,,,,49.58,1.98,12.39,,,,11.54,0.12,11.91,9.72,2.1,0.35,0.21,,,,0.322,0.964,,,,,,
"LB_2_MI_pyrite-26 S peak_301,302 avg",1310,1,,,,,49.37,1.92,12.3,,,,11.54,0.11,12.49,9.43,2.1,0.41,0.22,,,,0.224,0.817,,,,,,
"LB_6.2_MI_pyrite-26 S peak_303,304 avg",1324,1,,,,,48.8,2.02,11.86,,,,11.54,0.11,13.07,9.63,2.25,0.39,0.26,,,,0.208,0.893,,,,,,
LB_6.3_MI_pyrite-26 S peak_305,1323,1,,,,,49.41,1.92,11.69,,,,11.55,0.1,13.1,9.43,2.18,0.35,0.21,,,,0.206,0.691,,,,,,
FeXANES_fullrange_1s_LB_4_MI_1merge,,1,,,,,,,,,,,,,,,,,,,,,0.227,0.683,,,,,,
FeXANES_fullrange_1s_LB_5_MI_1merge,,1,,,,,,,,,,,,,,,,,,,,,0.222,0.873,,,,,,
FeXANES_fullrange_1s_LB_6_MI_1merge,,1,,,,,,,,,,,,,,,,,,,,,0.218,0.837,,,,,,
KE62-3316F_14_matrixG_259,1139,1,,,,,50.68,2.64,13.94,,,,11.21,0.17,6.2,10.95,2.66,0.6,0.25,,,,0.127,0.054,,,,,,
KE62-3316F_14_matrixG_260,1140,1,,,,,50.68,2.56,14.21,,,,11.72,0.17,6.27,10.91,2.66,0.53,0.26,,,,0.124,0.02,,,,,,
KE62-3316F_1_RE_237,1138,1,,,,,51.3,2.43,15.13,,,,10.58,0.17,6.17,10.91,2.53,0.49,0.26,,,,0.137,0.01,,,,,,
KE62-3316F_6b_RE_243,1135,1,,,,,50.77,2.48,14.54,,,,11.78,0.16,6,10.94,2.58,0.45,0.26,,,,0.132,0.026,,,,,,
KE62-3316F_1_MI_235,1198,1,,,,,50.6,2.23,13.64,,,,11.55,0.18,7.82,10.72,2.43,0.54,0.23,,,,0.134,0.021,,,,,,
KE62-3316F_2a_MI_239,1184,1,,,,,50.4,2.25,14.11,,,,11.55,0.18,7.42,10.99,2.41,0.4,0.22,,,,0.134,0.011,,,,,,
KE62-3316F_7_MI_246,1188,1,,,,,50.55,2.29,13.57,,,,11.56,0.18,7.54,11.19,2.39,0.46,0.22,,,,0.14,0.062,,,,,,
KE62-3316F_12_MI_254,1246,1,,,,,50.44,2.11,13.06,,,,11.55,0.17,9.67,10,2.28,0.46,0.19,,,,0.133,0.041,,,,,,
KE62-3316F_14a_MI_256,1330,1,,,,,48.42,1.96,12.03,,,,11.54,0.13,13.5,9.69,2.05,0.42,0.18,,,,0.15,0.091,,,,,,
KE62-3316F_14b_MI_257,1329,1,,,,,48.95,1.87,11.87,,,,11.54,0.12,13.53,9.52,1.96,0.38,0.19,,,,0.167,0.074,,,,,,
AUG_308_G02 matrixG,1020,1,,,,,,,,,,,,,,,,,,,,,0.189,0.496,,,,,,
"AUG_308_G13_MI88,189 avg",1020,1,,,,,71.36,0.22,15.33,,,,1.56,0.05,0.49,2.91,5.78,1.96,0.04,,,,0.346,0.577,,,,,,
AUG_308_G08a_MIun2_289,1020,1,,,,,67.84,0.44,16.41,,,,2.8,0.09,0.95,3.97,5.17,1.85,0.06,,,,0.256,0.973,,,,,,
AUG_308_G08b_MI98,1020,1,,,,,66.52,0.44,18.29,,,,2.42,0.09,0.71,4.7,4.76,1.59,0.1,,,,0.323,0.822,,,,,,
AUG_308_G08c_MI00,1020,1,,,,,69.46,0.36,16.01,,,,2.18,0.07,0.7,3.43,5.39,1.91,0.08,,,,0.314,0.914,,,,,,
AUG_308_G08d_MI99,1020,1,,,,,69.42,0.37,16.2,,,,2.17,0.06,0.71,3.46,5.2,1.94,0.09,,,,0.294,0.93,,,,,,
AUG_308_G06a_MI01,1020,1,,,,,69.75,0.36,16.12,,,,1.75,0.06,0.54,3.84,5.23,1.87,0.07,,,,0.333,0.92,,,,,,
AUG_308_G06b_MI02,1020,1,,,,,71.21,0.13,16.28,,,,1.65,0.04,0.43,3.26,4.71,1.91,0.03,,,,0.382,0.739,,,,,,
AUG_308_G06c_MI03,1020,1,,,,,70.51,0.11,16.25,,,,1.49,0.05,0.45,3.37,5.44,1.94,0.03,,,,0.32,0.867,,,,,,
AUG_308_G10a_MI07,1020,1,,,,,71.8,0.33,15.61,,,,1.34,0.05,0.4,3.18,5.01,1.94,0.05,,,,0.315,0.78,,,,,,
AUG_308_G10b_MI08,1020,1,,,,,70.16,0.37,15.98,,,,1.61,0.05,0.49,3.35,5.69,1.89,0.04,,,,0.336,0.911,,,,,,
AUG_308_G07,1020,1,,,,,,,,,,,,,,,,,,,,,0.371,0.996,,,,,,
AUG_HSA2_G05a_MI47,1020,1,,,,,77.38,0.43,12.21,,,,1.82,0.12,0.52,1.25,4.49,1.58,0,,,,0.529,0.888,,,,,,
SR0834-14.30,1190,1,,,,,48.83,2.72,14.04,,,,11.52,0,7.61,11.41,2.39,0.38,0.22,,,,0.19,0.036,,,,,,
SR0836-0.40,1190,1,,,,,49.28,2.73,14.43,,,,11.08,0,6.34,11.75,2.54,0.38,0.21,0.58,68,950,0.206,0.074,,,,,,
SR0836-9.30,1190,1,,,,,49.09,2.78,14.49,,,,11.42,0,6.59,11.76,2.46,0.4,0.22,,,,0.194,0.055,,,,,,
SR0836-17.50,1190,1,,,,,48.92,2.67,14.47,,,,11.17,0,6.45,11.62,2.53,0.39,0.22,0.74,30,910,0.196,0.054,,,,,,
JFR+1.60,1300,1,,,,-5.7,45.84,1.46,12.46,,,,17.07,0.39,8.31,9.88,2.44,0.04,0,,,,,0.9,,,,,,
JFR+0.62Pt,1300,1,,,,-6.67,46.92,1.56,13.13,,,,15.97,0.43,9.19,10.19,1.02,0,0,,,,,0.392,,,,,,
JFR+0.13,1300,1,,,,-7.14,46.54,1.56,13.07,,,,18.31,0.39,9.25,10.05,0,0,0,,,,,0.073,,,,,,
JFR-0.19,1300,1,,,,-7.47,46.14,1.53,13.32,,,,18.35,0.41,9.12,10.11,0,0,0,,,,,0.041,,,,,,
JFR-0.41,1300,1,,,,-7.7,45.85,1.55,12.87,,,,18.34,0.41,8.8,10.03,0,0,0,,,,,0.012,,,,,,
JFR-0.70,1300,1,,,,-8,45.29,1.5,13.12,,,,18.04,0.41,9.04,9.95,1.64,0,0,,,,,0.007,,,,,,
JFR-0.94,1300,1,,,,-8.24,46.36,1.56,13.31,,,,18.17,0.41,9.39,10.25,0.06,0,0,,,,,0.006,,,,,,
JFR-1.67,1300,1,,,,-8.98,45.74,1.55,13.06,,,,17.96,0.41,9.1,9.97,0.36,0,0,,,,,0.002,,,,,,
DWF+1.60,1300,1,,,,-5.7,49.89,0.41,7.73,,,,20.86,0.58,12.06,6.43,0.18,0,0,,,,,0.901,,,,,,
DWF+0.62Pt,1300,1,,,,-6.67,54.16,0.44,8.49,,,,15.23,0.61,13.06,7.03,0,0,0,,,,,0.409,,,,,,
DWF-0.19,1300,1,,,,-7.47,50.61,0.42,8.37,,,,20.27,0.58,12.37,6.58,0,0,0,,,,,0.049,,,,,,
DWF-0.41,1300,1,,,,-7.7,51.61,0.44,7.86,,,,19.53,0.58,12.51,6.57,0,0,0,,,,,0.046,,,,,,
DWF-0.70,1300,1,,,,-8,51.04,0.43,8.21,,,,19.87,0.58,12.71,6.64,0,0,0,,,,,0.003,,,,,,
DWF-0.94,1300,1,,,,-8.24,50.77,0.44,8.15,,,,20.03,0.6,12.71,6.61,0.04,0,0,,,,,0.004,,,,,,
DWF-1.67,1300,1,,,,-8.98,50.08,0.44,7.5,,,,20.14,0.58,12.74,6.63,0.46,0.04,0,,,,,0.002,,,,,,
PRI+1.60,1300,1,,,,-5.7,48.12,1.23,11.71,,,,12.3,0.17,15.2,9.61,0.05,0,0,,,,,0.941,,,,,,
PRI+0.13*,1300,1,,,,-7.14,49.89,1.37,12.57,,,,10.59,0.19,14.34,10.24,0,0,0,,,,,0.151,,,,,,
PRI-0.19,1300,1,,,,-7.47,49.9,1.31,12.91,,,,10.5,0.19,14.53,10.23,0,0,0,,,,,0.009,,,,,,
PRI-0.70,1300,1,,,,-8,49.42,1.32,12.83,,,,10.88,0.18,14.35,10.37,0,0,0,,,,,0.029,,,,,,
PRI-1.67,1300,1,,,,-8.98,49.92,1.37,12.72,,,,10.44,0.19,13.85,10.22,0.34,0.04,0,,,,,0.005,,,,,,
EVO+1.60,1300,1,,,,-5.7,51.92,3.71,10.02,,,,19.39,0.39,4.48,8.16,0.11,0,0,,,,,0.93,,,,,,
EVO+0.13,1300,1,,,,-7.14,52.93,3.8,10.3,,,,18.57,0.39,4.59,8.31,0,0,0,,,,,0.063,,,,,,
EVO-0.19,1300,1,,,,-7.47,51.98,3.82,10.45,,,,19.1,0.38,4.57,8.49,0,0,0,,,,,0.027,,,,,,
EVO-0.41,1300,1,,,,-7.7,52.96,3.79,10.25,,,,18.45,0.41,4.6,8.46,0,0,0,,,,,0.007,,,,,,
EVO-0.70,1300,1,,,,-8,52.13,3.77,10.4,,,,18.82,0.4,4.63,8.52,0,0,0,,,,,0.006,,,,,,
EVO-1.67,1300,1,,,,-8.98,52.43,3.76,10.21,,,,18.48,0.39,4.62,8.3,0.56,0.09,0,,,,,0.0003,,,,,,
AND+1.60,1300,1,,,,-5.7,53.97,1.32,16.55,,,,10.39,0.15,4.31,7.99,3.24,0.68,0,,,,,0.954,,,,,,
AND+0.13,1300,1,,,,-7.14,54.8,1.32,17.05,,,,9.03,0.14,4.51,8.45,3.08,0.7,0,,,,,0.131,,,,,,
AND-0.19,1300,1,,,,-7.47,56.57,1.39,17.77,,,,9.38,0.16,4.6,8.61,0,0,0,,,,,0.228,,,,,,
AND-0.41,1300,1,,,,-7.7,56.58,1.46,17.61,,,,9.53,0.16,4.6,8.54,0,0,0,,,,,0.045,,,,,,
AND-0.94,1300,1,,,,-8.24,56.3,1.33,17.61,,,,9.19,0.15,4.64,8.57,1.27,0.03,0,,,,,0.016,,,,,,
AND-1.67,1300,1,,,,-8.98,55.68,1.37,17,,,,8.83,0.13,4.45,8.23,1.69,0.26,0,,,,,0.09,,,,,,
,,,,,,,,,,,,,,,,,,,,,,,,,,,,,,
,,,,,,,,,,,,,,,,,,,,,,,,,,,,,,
,,,,,,,,,,,,,,,,,,,,,,,,,,,,,,
,,,,,,,,,,,,,,,,,,,,,,,,,,,,,,
,,,,,,,,,,,,,,,,,,,,,,,,,,,,,,
,,,,,,,,,,,,,,,,,,,,,,,,,,,,,,
,,,,,,,,,,,,,,,,,,,,,,,,,,,,,,
,,,,,,,,,,,,,,,,,,,,,,,,,,,,,,
,,,,,,,,,,,,,,,,,,,,,,,,,,,,,,
,,,,,,,,,,,,,,,,,,,,,,,,,,,,,,
,,,,,,,,,,,,,,,,,,,,,,,,,,,,,,
,,,,,,,,,,,,,,,,,,,,,,,,,,,,,,
,,,,,,,,,,,,,,,,,,,,,,,,,,,,,,
,,,,,,,,,,,,,,,,,,,,,,,,,,,,,,
,,,,,,,,,,,,,,,,,,,,,,,,,,,,,,
,,,,,,,,,,,,,,,,,,,,,,,,,,,,,,
,,,,,,,,,,,,,,,,,,,,,,,,,,,,,,
,,,,,,,,,,,,,,,,,,,,,,,,,,,,,,
,,,,,,,,,,,,,,,,,,,,,,,,,,,,,,
,,,,,,,,,,,,,,,,,,,,,,,,,,,,,,
,,,,,,,,,,,,,,,,,,,,,,,,,,,,,,
,,,,,,,,,,,,,,,,,,,,,,,,,,,,,,
,,,,,,,,,,,,,,,,,,,,,,,,,,,,,,
,,,,,,,,,,,,,,,,,,,,,,,,,,,,,,
,,,,,,,,,,,,,,,,,,,,,,,,,,,,,,
,,,,,,,,,,,,,,,,,,,,,,,,,,,,,,
,,,,,,,,,,,,,,,,,,,,,,,,,,,,,,
,,,,,,,,,,,,,,,,,,,,,,,,,,,,,,
,,,,,,,,,,,,,,,,,,,,,,,,,,,,,,
,,,,,,,,,,,,,,,,,,,,,,,,,,,,,,
,,,,,,,,,,,,,,,,,,,,,,,,,,,,,,
,,,,,,,,,,,,,,,,,,,,,,,,,,,,,,
,,,,,,,,,,,,,,,,,,,,,,,,,,,,,,
,,,,,,,,,,,,,,,,,,,,,,,,,,,,,,
,,,,,,,,,,,,,,,,,,,,,,,,,,,,,,
,,,,,,,,,,,,,,,,,,,,,,,,,,,,,,
,,,,,,,,,,,,,,,,,,,,,,,,,,,,,,
,,,,,,,,,,,,,,,,,,,,,,,,,,,,,,
,,,,,,,,,,,,,,,,,,,,,,,,,,,,,,
,,,,,,,,,,,,,,,,,,,,,,,,,,,,,,
MORB,1100,1000,,,0,,50.47,1.68,14.7,,,,10.43,0.184,7.58,11.39,2.79,0.16,0.185,0,1002,1000,0.1,0.1,,,,,,
MORB,1100,,,,0,,50.47,1.68,14.7,,,,10.43,0.184,7.58,11.39,2.79,0.16,0.185,1,936.5,1000,,,,,,,,
MORB,1100,,,,0,,50.47,1.68,14.7,,,,10.43,0.184,7.58,11.39,2.79,0.16,0.185,2,722,1000,,,,,,,,
MORB,1100,,,,0,,50.47,1.68,14.7,,,,10.43,0.184,7.58,11.39,2.79,0.16,0.185,3,363,1000,,,,,,,,
MORB,1100,,,,0,,50.47,1.68,14.7,,,,10.43,0.184,7.58,11.39,2.79,0.16,0.185,3.752,0,1000,,,,,,,,
MORB,1100,,,,0,,50.47,1.68,14.7,,,,10.43,0.184,7.58,11.39,2.79,0.16,0.185,0,0,1000,,,,,,,,
MORB,1100,,,,0,,50.47,1.68,14.7,,,,10.43,0.184,7.58,11.39,2.79,0.16,0.185,0,1008.5,0,,,,,,,,
MORB,1100,,,,0,,50.47,1.68,14.7,,,,10.43,0.184,7.58,11.39,2.79,0.16,0.185,1,945,0,,,,,,,,
MORB,1100,,,,0,,50.47,1.68,14.7,,,,10.43,0.184,7.58,11.39,2.79,0.16,0.185,2,738,0,,,,,,,,
MORB,1100,,,,0,,50.47,1.68,14.7,,,,10.43,0.184,7.58,11.39,2.79,0.16,0.185,3,390.6,0,,,,,,,,
MORB,1100,,,,0,,50.47,1.68,14.7,,,,10.43,0.184,7.58,11.39,2.79,0.16,0.185,3.829,0,0,,,,,,,,
Fuego,1000,,,,0,,46.8,1.19,19.14,,,,9.06,0.33,2.59,9.78,3.46,0.61,0.18,4,3409,2677,0.2,,,,,,,
MORB,1100,,,,-1,,50.47,1.68,14.7,,,,10.43,0.184,7.58,11.39,2.79,0.16,0.185,3,3000,0,,,,,,,,
MORB,1100,,,,-1,,50.47,1.68,14.7,,,,10.43,0.184,7.58,11.39,2.79,0.16,0.185,3,3000,500,,,,,,,,
MORB,1100,,,,-1,,50.47,1.68,14.7,,,,10.43,0.184,7.58,11.39,2.79,0.16,0.185,3,3000,1000,,,,,,,,
MORB,1100,,,,-1,,50.47,1.68,14.7,,,,10.43,0.184,7.58,11.39,2.79,0.16,0.185,3,3000,1500,,,,,,,,
MORB,1100,,,,-1,,50.47,1.68,14.7,,,,10.43,0.184,7.58,11.39,2.79,0.16,0.185,3,3000,2000,,,,,,,,
MORB,1100,,,,-1,,50.47,1.68,14.7,,,,10.43,0.184,7.58,11.39,2.79,0.16,0.185,3,2000,0,,,,,,,,
MORB,1100,,,,-1,,50.47,1.68,14.7,,,,10.43,0.184,7.58,11.39,2.79,0.16,0.185,3,2000,500,,,,,,,,
MORB,1100,,,,-1,,50.47,1.68,14.7,,,,10.43,0.184,7.58,11.39,2.79,0.16,0.185,3,2000,1000,,,,,,,,
MORB,1100,,,,-1,,50.47,1.68,14.7,,,,10.43,0.184,7.58,11.39,2.79,0.16,0.185,3,2000,1500,,,,,,,,
MORB,1100,,,,-1,,50.47,1.68,14.7,,,,10.43,0.184,7.58,11.39,2.79,0.16,0.185,3,2000,2000,,,,,,,,
MORB,1100,,,,-1,,50.47,1.68,14.7,,,,10.43,0.184,7.58,11.39,2.79,0.16,0.185,3,1000,0,,,,,,,,
MORB,1100,,,,-1,,50.47,1.68,14.7,,,,10.43,0.184,7.58,11.39,2.79,0.16,0.185,3,1000,500,,,,,,,,
MORB,1100,,,,-1,,50.47,1.68,14.7,,,,10.43,0.184,7.58,11.39,2.79,0.16,0.185,3,1000,1000,,,,,,,,
MORB,1100,,,,-1,,50.47,1.68,14.7,,,,10.43,0.184,7.58,11.39,2.79,0.16,0.185,3,1000,1500,,,,,,,,
MORB,1100,,,,-1,,50.47,1.68,14.7,,,,10.43,0.184,7.58,11.39,2.79,0.16,0.185,3,1000,2000,,,,,,,,
MORB,1100,,,,-1,,50.47,1.68,14.7,,,,10.43,0.184,7.58,11.39,2.79,0.16,0.185,3,0,0,,,,,,,,
MORB,1100,,,,-1,,50.47,1.68,14.7,,,,10.43,0.184,7.58,11.39,2.79,0.16,0.185,3,0,500,,,,,,,,
MORB,1100,,,,-1,,50.47,1.68,14.7,,,,10.43,0.184,7.58,11.39,2.79,0.16,0.185,3,0,1000,,,,,,,,
MORB,1100,,,,-1,,50.47,1.68,14.7,,,,10.43,0.184,7.58,11.39,2.79,0.16,0.185,3,0,1500,,,,,,,,
MORB,1100,,,,-1,,50.47,1.68,14.7,,,,10.43,0.184,7.58,11.39,2.79,0.16,0.185,3,0,2000,,,,,,,,
MORB,1100,,,,-1,,50.47,1.68,14.7,,,,10.43,0.184,7.58,11.39,2.79,0.16,0.185,2,0,0,,,,,,,,
MORB,1100,,,,-1,,50.47,1.68,14.7,,,,10.43,0.184,7.58,11.39,2.79,0.16,0.185,2,0,500,,,,,,,,
MORB,1100,,,,-1,,50.47,1.68,14.7,,,,10.43,0.184,7.58,11.39,2.79,0.16,0.185,2,0,1000,,,,,,,,
MORB,1100,,,,-1,,50.47,1.68,14.7,,,,10.43,0.184,7.58,11.39,2.79,0.16,0.185,2,0,1500,,,,,,,,
MORB,1100,,,,-1,,50.47,1.68,14.7,,,,10.43,0.184,7.58,11.39,2.79,0.16,0.185,2,0,2000,,,,,,,,
MORB,1100,,,,-1,,50.47,1.68,14.7,,,,10.43,0.184,7.58,11.39,2.79,0.16,0.185,1,0,0,,,,,,,,
MORB,1100,,,,-1,,50.47,1.68,14.7,,,,10.43,0.184,7.58,11.39,2.79,0.16,0.185,1,0,500,,,,,,,,
MORB,1100,,,,-1,,50.47,1.68,14.7,,,,10.43,0.184,7.58,11.39,2.79,0.16,0.185,1,0,1000,,,,,,,,
MORB,1100,,,,-1,,50.47,1.68,14.7,,,,10.43,0.184,7.58,11.39,2.79,0.16,0.185,1,0,1500,,,,,,,,
MORB,1100,,,,-1,,50.47,1.68,14.7,,,,10.43,0.184,7.58,11.39,2.79,0.16,0.185,1,0,2000,,,,,,,,
MORB,1100,,,,-1,,50.47,1.68,14.7,,,,10.43,0.184,7.58,11.39,2.79,0.16,0.185,0.1,0,0,,,,,,,,
MORB,1100,,,,-1,,50.47,1.68,14.7,,,,10.43,0.184,7.58,11.39,2.79,0.16,0.185,0.1,0,500,,,,,,,,
MORB,1100,,,,-1,,50.47,1.68,14.7,,,,10.43,0.184,7.58,11.39,2.79,0.16,0.185,0.1,0,1000,,,,,,,,
MORB,1100,,,,-1,,50.47,1.68,14.7,,,,10.43,0.184,7.58,11.39,2.79,0.16,0.185,0.1,0,1500,,,,,,,,
MORB,1100,,,,-1,,50.47,1.68,14.7,,,,10.43,0.184,7.58,11.39,2.79,0.16,0.185,0.1,0,2000,,,,,,,,
MORB,1100,,,,0,,50.47,1.68,14.7,,,,10.43,0.184,7.58,11.39,2.79,0.16,0.185,3,3000,0,,,,,,,,
MORB,1100,,,,0,,50.47,1.68,14.7,,,,10.43,0.184,7.58,11.39,2.79,0.16,0.185,3,3000,500,,,,,,,,
MORB,1100,,,,0,,50.47,1.68,14.7,,,,10.43,0.184,7.58,11.39,2.79,0.16,0.185,3,3000,1000,,,,,,,,
MORB,1100,,,,0,,50.47,1.68,14.7,,,,10.43,0.184,7.58,11.39,2.79,0.16,0.185,3,3000,1500,,,,,,,,
MORB,1100,,,,0,,50.47,1.68,14.7,,,,10.43,0.184,7.58,11.39,2.79,0.16,0.185,3,3000,2000,,,,,,,,
MORB,1100,,,,0,,50.47,1.68,14.7,,,,10.43,0.184,7.58,11.39,2.79,0.16,0.185,3,2000,0,,,,,,,,
MORB,1100,,,,0,,50.47,1.68,14.7,,,,10.43,0.184,7.58,11.39,2.79,0.16,0.185,3,2000,500,,,,,,,,
MORB,1100,,,,0,,50.47,1.68,14.7,,,,10.43,0.184,7.58,11.39,2.79,0.16,0.185,3,2000,1000,,,,,,,,
MORB,1100,,,,0,,50.47,1.68,14.7,,,,10.43,0.184,7.58,11.39,2.79,0.16,0.185,3,2000,1500,,,,,,,,
MORB,1100,,,,0,,50.47,1.68,14.7,,,,10.43,0.184,7.58,11.39,2.79,0.16,0.185,3,2000,2000,,,,,,,,
MORB,1100,,,,0,,50.47,1.68,14.7,,,,10.43,0.184,7.58,11.39,2.79,0.16,0.185,3,1000,0,,,,,,,,
MORB,1100,,,,0,,50.47,1.68,14.7,,,,10.43,0.184,7.58,11.39,2.79,0.16,0.185,3,1000,500,,,,,,,,
MORB,1100,,,,0,,50.47,1.68,14.7,,,,10.43,0.184,7.58,11.39,2.79,0.16,0.185,3,1000,1000,,,,,,,,
MORB,1100,,,,0,,50.47,1.68,14.7,,,,10.43,0.184,7.58,11.39,2.79,0.16,0.185,3,1000,1500,,,,,,,,
MORB,1100,,,,0,,50.47,1.68,14.7,,,,10.43,0.184,7.58,11.39,2.79,0.16,0.185,3,1000,2000,,,,,,,,
MORB,1100,,,,0,,50.47,1.68,14.7,,,,10.43,0.184,7.58,11.39,2.79,0.16,0.185,3,0,0,,,,,,,,
MORB,1100,,,,0,,50.47,1.68,14.7,,,,10.43,0.184,7.58,11.39,2.79,0.16,0.185,3,0,500,,,,,,,,
MORB,1100,,,,0,,50.47,1.68,14.7,,,,10.43,0.184,7.58,11.39,2.79,0.16,0.185,3,0,1000,,,,,,,,
MORB,1100,,,,0,,50.47,1.68,14.7,,,,10.43,0.184,7.58,11.39,2.79,0.16,0.185,3,0,1500,,,,,,,,
MORB,1100,,,,0,,50.47,1.68,14.7,,,,10.43,0.184,7.58,11.39,2.79,0.16,0.185,3,0,2000,,,,,,,,
MORB,1100,,,,0,,50.47,1.68,14.7,,,,10.43,0.184,7.58,11.39,2.79,0.16,0.185,2,0,0,,,,,,,,
MORB,1100,,,,0,,50.47,1.68,14.7,,,,10.43,0.184,7.58,11.39,2.79,0.16,0.185,2,0,500,,,,,,,,
MORB,1100,,,,0,,50.47,1.68,14.7,,,,10.43,0.184,7.58,11.39,2.79,0.16,0.185,2,0,1000,,,,,,,,
MORB,1100,,,,0,,50.47,1.68,14.7,,,,10.43,0.184,7.58,11.39,2.79,0.16,0.185,2,0,1500,,,,,,,,
MORB,1100,,,,0,,50.47,1.68,14.7,,,,10.43,0.184,7.58,11.39,2.79,0.16,0.185,2,0,2000,,,,,,,,
MORB,1100,,,,0,,50.47,1.68,14.7,,,,10.43,0.184,7.58,11.39,2.79,0.16,0.185,1,0,0,,,,,,,,
MORB,1100,,,,0,,50.47,1.68,14.7,,,,10.43,0.184,7.58,11.39,2.79,0.16,0.185,1,0,500,,,,,,,,
MORB,1100,,,,0,,50.47,1.68,14.7,,,,10.43,0.184,7.58,11.39,2.79,0.16,0.185,1,0,1000,,,,,,,,
MORB,1100,,,,0,,50.47,1.68,14.7,,,,10.43,0.184,7.58,11.39,2.79,0.16,0.185,1,0,1500,,,,,,,,
MORB,1100,,,,0,,50.47,1.68,14.7,,,,10.43,0.184,7.58,11.39,2.79,0.16,0.185,1,0,2000,,,,,,,,
MORB,1100,,,,0,,50.47,1.68,14.7,,,,10.43,0.184,7.58,11.39,2.79,0.16,0.185,0.1,0,0,,,,,,,,
MORB,1100,,,,0,,50.47,1.68,14.7,,,,10.43,0.184,7.58,11.39,2.79,0.16,0.185,0.1,0,500,,,,,,,,
MORB,1100,,,,0,,50.47,1.68,14.7,,,,10.43,0.184,7.58,11.39,2.79,0.16,0.185,0.1,0,1000,,,,,,,,
MORB,1100,,,,0,,50.47,1.68,14.7,,,,10.43,0.184,7.58,11.39,2.79,0.16,0.185,0.1,0,1500,,,,,,,,
MORB,1100,,,,0,,50.47,1.68,14.7,,,,10.43,0.184,7.58,11.39,2.79,0.16,0.185,0.1,0,2000,,,,,,,,
MORB,1100,,,,1,,50.47,1.68,14.7,,,,10.43,0.184,7.58,11.39,2.79,0.16,0.185,3,3000,0,,,,,,,,
MORB,1100,,,,1,,50.47,1.68,14.7,,,,10.43,0.184,7.58,11.39,2.79,0.16,0.185,3,3000,500,,,,,,,,
MORB,1100,,,,1,,50.47,1.68,14.7,,,,10.43,0.184,7.58,11.39,2.79,0.16,0.185,3,3000,1000,,,,,,,,
MORB,1100,,,,1,,50.47,1.68,14.7,,,,10.43,0.184,7.58,11.39,2.79,0.16,0.185,3,3000,1500,,,,,,,,
MORB,1100,,,,1,,50.47,1.68,14.7,,,,10.43,0.184,7.58,11.39,2.79,0.16,0.185,3,3000,2000,,,,,,,,
MORB,1100,,,,1,,50.47,1.68,14.7,,,,10.43,0.184,7.58,11.39,2.79,0.16,0.185,3,2000,0,,,,,,,,
MORB,1100,,,,1,,50.47,1.68,14.7,,,,10.43,0.184,7.58,11.39,2.79,0.16,0.185,3,2000,500,,,,,,,,
MORB,1100,,,,1,,50.47,1.68,14.7,,,,10.43,0.184,7.58,11.39,2.79,0.16,0.185,3,2000,1000,,,,,,,,
MORB,1100,,,,1,,50.47,1.68,14.7,,,,10.43,0.184,7.58,11.39,2.79,0.16,0.185,3,2000,1500,,,,,,,,
MORB,1100,,,,1,,50.47,1.68,14.7,,,,10.43,0.184,7.58,11.39,2.79,0.16,0.185,3,2000,2000,,,,,,,,
MORB,1100,,,,1,,50.47,1.68,14.7,,,,10.43,0.184,7.58,11.39,2.79,0.16,0.185,3,1000,0,,,,,,,,
MORB,1100,,,,1,,50.47,1.68,14.7,,,,10.43,0.184,7.58,11.39,2.79,0.16,0.185,3,1000,500,,,,,,,,
MORB,1100,,,,1,,50.47,1.68,14.7,,,,10.43,0.184,7.58,11.39,2.79,0.16,0.185,3,1000,1000,,,,,,,,
MORB,1100,,,,1,,50.47,1.68,14.7,,,,10.43,0.184,7.58,11.39,2.79,0.16,0.185,3,1000,1500,,,,,,,,
MORB,1100,,,,1,,50.47,1.68,14.7,,,,10.43,0.184,7.58,11.39,2.79,0.16,0.185,3,1000,2000,,,,,,,,
MORB,1100,,,,1,,50.47,1.68,14.7,,,,10.43,0.184,7.58,11.39,2.79,0.16,0.185,3,0,0,,,,,,,,
MORB,1100,,,,1,,50.47,1.68,14.7,,,,10.43,0.184,7.58,11.39,2.79,0.16,0.185,3,0,500,,,,,,,,
MORB,1100,,,,1,,50.47,1.68,14.7,,,,10.43,0.184,7.58,11.39,2.79,0.16,0.185,3,0,1000,,,,,,,,
MORB,1100,,,,1,,50.47,1.68,14.7,,,,10.43,0.184,7.58,11.39,2.79,0.16,0.185,3,0,1500,,,,,,,,
MORB,1100,,,,1,,50.47,1.68,14.7,,,,10.43,0.184,7.58,11.39,2.79,0.16,0.185,3,0,2000,,,,,,,,
MORB,1100,,,,1,,50.47,1.68,14.7,,,,10.43,0.184,7.58,11.39,2.79,0.16,0.185,2,0,0,,,,,,,,
MORB,1100,,,,1,,50.47,1.68,14.7,,,,10.43,0.184,7.58,11.39,2.79,0.16,0.185,2,0,500,,,,,,,,
MORB,1100,,,,1,,50.47,1.68,14.7,,,,10.43,0.184,7.58,11.39,2.79,0.16,0.185,2,0,1000,,,,,,,,
MORB,1100,,,,1,,50.47,1.68,14.7,,,,10.43,0.184,7.58,11.39,2.79,0.16,0.185,2,0,1500,,,,,,,,
MORB,1100,,,,1,,50.47,1.68,14.7,,,,10.43,0.184,7.58,11.39,2.79,0.16,0.185,2,0,2000,,,,,,,,
MORB,1100,,,,1,,50.47,1.68,14.7,,,,10.43,0.184,7.58,11.39,2.79,0.16,0.185,1,0,0,,,,,,,,
MORB,1100,,,,1,,50.47,1.68,14.7,,,,10.43,0.184,7.58,11.39,2.79,0.16,0.185,1,0,500,,,,,,,,
MORB,1100,,,,1,,50.47,1.68,14.7,,,,10.43,0.184,7.58,11.39,2.79,0.16,0.185,1,0,1000,,,,,,,,
MORB,1100,,,,1,,50.47,1.68,14.7,,,,10.43,0.184,7.58,11.39,2.79,0.16,0.185,1,0,1500,,,,,,,,
MORB,1100,,,,1,,50.47,1.68,14.7,,,,10.43,0.184,7.58,11.39,2.79,0.16,0.185,1,0,2000,,,,,,,,
MORB,1100,,,,1,,50.47,1.68,14.7,,,,10.43,0.184,7.58,11.39,2.79,0.16,0.185,0.1,0,0,,,,,,,,
MORB,1100,,,,1,,50.47,1.68,14.7,,,,10.43,0.184,7.58,11.39,2.79,0.16,0.185,0.1,0,500,,,,,,,,
MORB,1100,,,,1,,50.47,1.68,14.7,,,,10.43,0.184,7.58,11.39,2.79,0.16,0.185,0.1,0,1000,,,,,,,,
MORB,1100,,,,1,,50.47,1.68,14.7,,,,10.43,0.184,7.58,11.39,2.79,0.16,0.185,0.1,0,1500,,,,,,,,
MORB,1100,,,,1,,50.47,1.68,14.7,,,,10.43,0.184,7.58,11.39,2.79,0.16,0.185,0.1,0,2000,,,,,,,,
MORB,1100,,,,2,,50.47,1.68,14.7,,,,10.43,0.184,7.58,11.39,2.79,0.16,0.185,3,3000,0,,,,,,,,
MORB,1100,,,,2,,50.47,1.68,14.7,,,,10.43,0.184,7.58,11.39,2.79,0.16,0.185,3,3000,500,,,,,,,,
MORB,1100,,,,2,,50.47,1.68,14.7,,,,10.43,0.184,7.58,11.39,2.79,0.16,0.185,3,3000,1000,,,,,,,,
MORB,1100,,,,2,,50.47,1.68,14.7,,,,10.43,0.184,7.58,11.39,2.79,0.16,0.185,3,3000,1500,,,,,,,,
MORB,1100,,,,2,,50.47,1.68,14.7,,,,10.43,0.184,7.58,11.39,2.79,0.16,0.185,3,3000,2000,,,,,,,,
MORB,1100,,,,2,,50.47,1.68,14.7,,,,10.43,0.184,7.58,11.39,2.79,0.16,0.185,3,2000,0,,,,,,,,
MORB,1100,,,,2,,50.47,1.68,14.7,,,,10.43,0.184,7.58,11.39,2.79,0.16,0.185,3,2000,500,,,,,,,,
MORB,1100,,,,2,,50.47,1.68,14.7,,,,10.43,0.184,7.58,11.39,2.79,0.16,0.185,3,2000,1000,,,,,,,,
MORB,1100,,,,2,,50.47,1.68,14.7,,,,10.43,0.184,7.58,11.39,2.79,0.16,0.185,3,2000,1500,,,,,,,,
MORB,1100,,,,2,,50.47,1.68,14.7,,,,10.43,0.184,7.58,11.39,2.79,0.16,0.185,3,2000,2000,,,,,,,,
MORB,1100,,,,2,,50.47,1.68,14.7,,,,10.43,0.184,7.58,11.39,2.79,0.16,0.185,3,1000,0,,,,,,,,
MORB,1100,,,,2,,50.47,1.68,14.7,,,,10.43,0.184,7.58,11.39,2.79,0.16,0.185,3,1000,500,,,,,,,,
MORB,1100,,,,2,,50.47,1.68,14.7,,,,10.43,0.184,7.58,11.39,2.79,0.16,0.185,3,1000,1000,,,,,,,,
MORB,1100,,,,2,,50.47,1.68,14.7,,,,10.43,0.184,7.58,11.39,2.79,0.16,0.185,3,1000,1500,,,,,,,,
MORB,1100,,,,2,,50.47,1.68,14.7,,,,10.43,0.184,7.58,11.39,2.79,0.16,0.185,3,1000,2000,,,,,,,,
MORB,1100,,,,2,,50.47,1.68,14.7,,,,10.43,0.184,7.58,11.39,2.79,0.16,0.185,3,0,0,,,,,,,,
MORB,1100,,,,2,,50.47,1.68,14.7,,,,10.43,0.184,7.58,11.39,2.79,0.16,0.185,3,0,500,,,,,,,,
MORB,1100,,,,2,,50.47,1.68,14.7,,,,10.43,0.184,7.58,11.39,2.79,0.16,0.185,3,0,1000,,,,,,,,
MORB,1100,,,,2,,50.47,1.68,14.7,,,,10.43,0.184,7.58,11.39,2.79,0.16,0.185,3,0,1500,,,,,,,,
MORB,1100,,,,2,,50.47,1.68,14.7,,,,10.43,0.184,7.58,11.39,2.79,0.16,0.185,3,0,2000,,,,,,,,
MORB,1100,,,,2,,50.47,1.68,14.7,,,,10.43,0.184,7.58,11.39,2.79,0.16,0.185,2,0,0,,,,,,,,
MORB,1100,,,,2,,50.47,1.68,14.7,,,,10.43,0.184,7.58,11.39,2.79,0.16,0.185,2,0,500,,,,,,,,
MORB,1100,,,,2,,50.47,1.68,14.7,,,,10.43,0.184,7.58,11.39,2.79,0.16,0.185,2,0,1000,,,,,,,,
MORB,1100,,,,2,,50.47,1.68,14.7,,,,10.43,0.184,7.58,11.39,2.79,0.16,0.185,2,0,1500,,,,,,,,
MORB,1100,,,,2,,50.47,1.68,14.7,,,,10.43,0.184,7.58,11.39,2.79,0.16,0.185,2,0,2000,,,,,,,,
MORB,1100,,,,2,,50.47,1.68,14.7,,,,10.43,0.184,7.58,11.39,2.79,0.16,0.185,1,0,0,,,,,,,,
MORB,1100,,,,2,,50.47,1.68,14.7,,,,10.43,0.184,7.58,11.39,2.79,0.16,0.185,1,0,500,,,,,,,,
MORB,1100,,,,2,,50.47,1.68,14.7,,,,10.43,0.184,7.58,11.39,2.79,0.16,0.185,1,0,1000,,,,,,,,
MORB,1100,,,,2,,50.47,1.68,14.7,,,,10.43,0.184,7.58,11.39,2.79,0.16,0.185,1,0,1500,,,,,,,,
MORB,1100,,,,2,,50.47,1.68,14.7,,,,10.43,0.184,7.58,11.39,2.79,0.16,0.185,1,0,2000,,,,,,,,
MORB,1100,,,,2,,50.47,1.68,14.7,,,,10.43,0.184,7.58,11.39,2.79,0.16,0.185,0.1,0,0,,,,,,,,
MORB,1100,,,,2,,50.47,1.68,14.7,,,,10.43,0.184,7.58,11.39,2.79,0.16,0.185,0.1,0,500,,,,,,,,
MORB,1100,,,,2,,50.47,1.68,14.7,,,,10.43,0.184,7.58,11.39,2.79,0.16,0.185,0.1,0,1000,,,,,,,,
MORB,1100,,,,2,,50.47,1.68,14.7,,,,10.43,0.184,7.58,11.39,2.79,0.16,0.185,0.1,0,1500,,,,,,,,
MORB,1100,,,,2,,50.47,1.68,14.7,,,,10.43,0.184,7.58,11.39,2.79,0.16,0.185,0.1,0,2000,,,,,,,,
MORB,1100,,,,,,50.47,1.68,14.7,,,,10.43,0.184,7.58,11.39,2.79,0.16,0.185,,,,,,,,,,,
MORB,1100,,,,,,50.47,1.68,14.7,,,,10.43,0.184,7.58,11.39,2.79,0.16,0.185,,,,,,,,,,,
MORB,1100,,,,,,50.47,1.68,14.7,,,,10.43,0.184,7.58,11.39,2.79,0.16,0.185,,,,,,,,,,,
MORB,1100,,,,,,50.47,1.68,14.7,,,,10.43,0.184,7.58,11.39,2.79,0.16,0.185,,,,,,,,,,,
Brounce,1190,300,10000,,,,50.97,2.63,13.99,,,,11.12,0.2,6.54,10.86,2.34,0.4,0.22,0.55,120,1500,0.195,,0,,,,,
Beaudry,1100,923,,,0,,43.3,4.77,14.45,,,,13.59,0.17,5.73,11.17,4.35,1.52,0.95,3.05,3420,5000,,,,,,,,
MORB,1100,1,,,0,,50.47,1.68,14.7,,,,10.43,0.184,7.58,11.39,2.79,0.16,0.185,0.5,1000,2000,,,,,,,,
TFBSIMSmm_2ii_5,1100,,,,,,48.0927,0.924084,17.3963,,,,11.519,0.235799,5.44789,11.2186,1.68083,0.388099,0.1375,5,1000,3000,0.25,,,,,,,
15kV_10nA_10um_TFB007i,920,,,1,,,50.7338,0.961734,16.6569,,,,10.9976,0.217015,4.23648,8.18581,2.01263,0.521041,0.157892,3.082437643,73.68317052,1796.36,,,,,,,,
15kV_10nA_10um_TFB009i,920,,,1,,,50.6317,0.912938,17.2533,,,,10.0005,0.187804,4.77441,8.91149,2.18564,0.532006,0.135322,3.628698441,641.2437196,2285.44,,,,,,,,
15kV_10nA_10um_TFB010v,920,,,1,,,48.9272,0.994602,16.2183,,,,11.7522,0.199454,5.69798,9.93309,1.86078,0.427989,0.115855,2.173182956,270.6656322,1330.66,,,,,,,,
15kV_10nA_10um_TFB010i,920,,,1,,,48.9896,0.999428,16.204,,,,10.9074,0.185858,5.80676,10.5151,1.8619,0.442096,0.11644,2.099697659,188.6283925,966.56,,,,,,,,
15kV_10nA_10um_TFB010vi,920,,,1,,,50.157,0.950688,16.3766,,,,10.6484,0.184455,5.71211,10.4336,1.89787,0.454202,0.142435,2.205878353,236.4582931,703.28,,,,,,,,
15kV_10nA_5um_TFB011i,920,,,1,,,51.3198,0.805141,18.7617,,,,8.41161,0.144294,4.04245,8.73875,2.68942,0.672255,0.143748,4.017558656,819.0669717,2535.62,,,,,,,,
15kV_10nA_5um_TFB011ii,920,,,1,,,50.9135,0.785683,17.2153,,,,9.04279,0.179385,4.93612,10.1814,2.39203,0.495508,0.144767,2.356047416,831.208046,8346.15,,,,,,,,
15kV_10nA_5um_TFB013i,920,,,1,,,52.1676,0.736418,20.0679,,,,6.76788,0.129328,2.59564,8.31462,2.74454,0.688182,0.160798,2.324787588,805.8869552,3281,,,,,,,,
15kV_10nA_5um_TFB014i,920,,,1,,,51.2877,0.872756,16.2675,,,,9.38986,0.174485,5.47512,9.03414,2.06511,0.478843,0.140847,3.268523717,466.1263394,2278.63,,,,,,,,
TFBSIMSmm_1i_ii_10,920,,,1,,,50.9264,0.763778,17.9899,,,,8.38348,0.15865,3.6778,8.32861,2.31031,0.646561,0.151376,4.087340475,612.707773,2526.768143,,,,,,,,
TFBSIMSmm_1i_ii_10,920,,,1,,,50.9264,0.763778,17.9899,,,,8.38348,0.15865,3.6778,8.32861,2.31031,0.646561,0.151376,4.771470794,805.7471384,2526.768143,,,,,,,,
TFBSIMSmm_2ii_5,920,,,1,,,48.0927,0.924084,17.3963,,,,11.519,0.235799,5.44789,11.2186,1.68083,0.388099,0.1375,0.419873856,583.0557672,1363.018271,,,,,,,,
TFBSIMSmm_2iii_5,920,,,1,,,50.2795,0.901021,16.9863,,,,10.1617,0.186969,4.43808,8.32463,1.28598,0.486169,0.141379,3.34717646,476.7770604,2149.211393,,,,,,,,
TFBSIMSCrystals_18xi_10,920,,,1,,,52.148,1.02654,12.7266,,,,12.0919,0.219008,7.73748,10.1275,1.9697,0.692318,0.161426,0.507002294,510.8078511,213.22039,,,,,,,,
OIB,1100,3,,,1.4,,50.47,1.68,14.7,,,,10.43,0.184,7.58,11.39,2.79,0.16,0.185,1.5,1710,2430,,,,,,,,
Arc,1100,10,,,1.5,,50.47,1.68,14.7,,,,10.43,0.184,7.58,11.39,2.79,0.16,0.185,4.5,3000,2050,,,,,,,,
Brounce,1200,,600,,,,50.97,2.63,13.99,,,,11.12,0.2,6.54,10.86,2.34,0.4,0.22,0.5,115,1310,0.205,,,,,,,
15kV_10nA_10um_TFB010v,1100,,,1,,,48.9272,0.994602,16.2183,,,,11.7522,0.199454,5.69798,9.93309,1.86078,0.427989,0.115855,2,200,1200,,,,,,,,
Tarawera,1200,300,10000,,,,50.97,2.63,13.99,,,,11.12,0.2,6.54,10.86,2.34,0.4,0.22,2,200,1000,0.25,,50,,,,,
Etna-S20,1150,,,,,,46.2,1.64,15.26,,,,10.19,0.24,8.24,9.87,3.07,1.8,0.52,3.1,0,2700,0.22,,,,,,,
Etna-S21,1250,,,,,,45.38,1.41,13.19,,,,10.71,0.21,13.47,8.41,2.58,1.48,0.46,2.8,0,3900,0.23,,,,,,,
Etna-S23,1200,,,,,,43.51,1.41,12.82,,,,9.28,0.16,12.03,11.1,2.36,1.32,0.43,4.8,0,10400,0.31,,,,,,,
Etna-S24,1250,,,,,,43.74,1.32,12.16,,,,9.42,0.16,13.61,10.74,2.39,1.36,0.43,3.9,0,10800,0.29,,,,,,,
kelley,1200,,,,,,47.78,0.782,17.2,,,,9.61,0.2,4.88,11.8,2.11,0.56,0.16,4.49,876,1552,0.282,,,,,,,
Moussallam,1220,,,,,,51.8,2.5,13.5,,,,11.4,0.18,7.2,11.2,2.29,0.4,0.25,0.37,95,1141,0.2,,,,,,,
Hawaii,1200,,,,,,50.97,2.63,13.99,,,,11.12,0.2,6.54,10.86,2.34,0.4,0.22,0.8,97000,1500,0.2,,,,,,,
Evo,,,,,-2,,47.95,1.67,17.32,,,,10.24,0.17,5.76,10.93,3.45,1.99,0.51,4.454561431,,,,,,,,,,
Evo,,,,,-1.9,,47.95,1.67,17.32,,,,10.24,0.17,5.76,10.93,3.45,1.99,0.51,4.454561431,,,,,,,,,,
Evo,,,,,-1.8,,47.95,1.67,17.32,,,,10.24,0.17,5.76,10.93,3.45,1.99,0.51,4.454561431,,,,,,,,,,
Evo,,,,,-1.7,,47.95,1.67,17.32,,,,10.24,0.17,5.76,10.93,3.45,1.99,0.51,4.454561431,,,,,,,,,,
Evo,,,,,-1.6,,47.95,1.67,17.32,,,,10.24,0.17,5.76,10.93,3.45,1.99,0.51,4.454561431,,,,,,,,,,
Evo,,,,,-1.5,,47.95,1.67,17.32,,,,10.24,0.17,5.76,10.93,3.45,1.99,0.51,4.454561431,,,,,,,,,,
Evo,,,,,-1.4,,47.95,1.67,17.32,,,,10.24,0.17,5.76,10.93,3.45,1.99,0.51,4.454561431,,,,,,,,,,
Evo,,,,,-1.3,,47.95,1.67,17.32,,,,10.24,0.17,5.76,10.93,3.45,1.99,0.51,4.454561431,,,,,,,,,,
Evo,,,,,-1.2,,47.95,1.67,17.32,,,,10.24,0.17,5.76,10.93,3.45,1.99,0.51,4.454561431,,,,,,,,,,
Evo,,,,,-1.1,,47.95,1.67,17.32,,,,10.24,0.17,5.76,10.93,3.45,1.99,0.51,4.454561431,,,,,,,,,,
Evo,,,,,-1,,47.95,1.67,17.32,,,,10.24,0.17,5.76,10.93,3.45,1.99,0.51,4.454561431,,,,,,,,,,
Evo,,,,,-0.9,,47.95,1.67,17.32,,,,10.24,0.17,5.76,10.93,3.45,1.99,0.51,4.454561431,,,,,,,,,,
Evo,,,,,-0.8,,47.95,1.67,17.32,,,,10.24,0.17,5.76,10.93,3.45,1.99,0.51,4.454561431,,,,,,,,,,
Evo,,,,,-0.7,,47.95,1.67,17.32,,,,10.24,0.17,5.76,10.93,3.45,1.99,0.51,4.454561431,,,,,,,,,,
Evo,,,,,-0.6,,47.95,1.67,17.32,,,,10.24,0.17,5.76,10.93,3.45,1.99,0.51,4.454561431,,,,,,,,,,
Evo,,,,,-0.5,,47.95,1.67,17.32,,,,10.24,0.17,5.76,10.93,3.45,1.99,0.51,4.454561431,,,,,,,,,,
Evo,,,,,-0.4,,47.95,1.67,17.32,,,,10.24,0.17,5.76,10.93,3.45,1.99,0.51,4.454561431,,,,,,,,,,
Evo,,,,,-0.3,,47.95,1.67,17.32,,,,10.24,0.17,5.76,10.93,3.45,1.99,0.51,4.454561431,,,,,,,,,,
Evo,,,,,-0.2,,47.95,1.67,17.32,,,,10.24,0.17,5.76,10.93,3.45,1.99,0.51,4.454561431,,,,,,,,,,
Evo,,,,,-0.1,,47.95,1.67,17.32,,,,10.24,0.17,5.76,10.93,3.45,1.99,0.51,4.454561431,,,,,,,,,,
Evo,,,,,0,,47.95,1.67,17.32,,,,10.24,0.17,5.76,10.93,3.45,1.99,0.51,4.454561431,,,,,,,,,,
Evo,,,,,0.1,,47.95,1.67,17.32,,,,10.24,0.17,5.76,10.93,3.45,1.99,0.51,4.454561431,,,,,,,,,,
Evo,,,,,0.2,,47.95,1.67,17.32,,,,10.24,0.17,5.76,10.93,3.45,1.99,0.51,4.454561431,,,,,,,,,,
Evo,,,,,0.3,,47.95,1.67,17.32,,,,10.24,0.17,5.76,10.93,3.45,1.99,0.51,4.454561431,,,,,,,,,,
Evo,,,,,0.4,,47.95,1.67,17.32,,,,10.24,0.17,5.76,10.93,3.45,1.99,0.51,4.454561431,,,,,,,,,,
Evo,,,,,0.5,,47.95,1.67,17.32,,,,10.24,0.17,5.76,10.93,3.45,1.99,0.51,4.454561431,,,,,,,,,,
Evo,,,,,0.6,,47.95,1.67,17.32,,,,10.24,0.17,5.76,10.93,3.45,1.99,0.51,4.454561431,,,,,,,,,,
Evo,,,,,0.7,,47.95,1.67,17.32,,,,10.24,0.17,5.76,10.93,3.45,1.99,0.51,4.454561431,,,,,,,,,,
Evo,,,,,0.8,,47.95,1.67,17.32,,,,10.24,0.17,5.76,10.93,3.45,1.99,0.51,4.454561431,,,,,,,,,,
Evo,,,,,0.9,,47.95,1.67,17.32,,,,10.24,0.17,5.76,10.93,3.45,1.99,0.51,4.454561431,,,,,,,,,,
Evo,,,,,1,,47.95,1.67,17.32,,,,10.24,0.17,5.76,10.93,3.45,1.99,0.51,4.454561431,,,,,,,,,,
Evo,,,,,1.1,,47.95,1.67,17.32,,,,10.24,0.17,5.76,10.93,3.45,1.99,0.51,4.454561431,,,,,,,,,,
Evo,,,,,1.2,,47.95,1.67,17.32,,,,10.24,0.17,5.76,10.93,3.45,1.99,0.51,4.454561431,,,,,,,,,,
Evo,,,,,1.3,,47.95,1.67,17.32,,,,10.24,0.17,5.76,10.93,3.45,1.99,0.51,4.454561431,,,,,,,,,,
Evo,,,,,1.4,,47.95,1.67,17.32,,,,10.24,0.17,5.76,10.93,3.45,1.99,0.51,4.454561431,,,,,,,,,,
Evo,,,,,1.5,,47.95,1.67,17.32,,,,10.24,0.17,5.76,10.93,3.45,1.99,0.51,4.454561431,,,,,,,,,,
Evo,,,,,1.6,,47.95,1.67,17.32,,,,10.24,0.17,5.76,10.93,3.45,1.99,0.51,4.454561431,,,,,,,,,,
Evo,,,,,1.7,,47.95,1.67,17.32,,,,10.24,0.17,5.76,10.93,3.45,1.99,0.51,4.454561431,,,,,,,,,,
Evo,,,,,1.8,,47.95,1.67,17.32,,,,10.24,0.17,5.76,10.93,3.45,1.99,0.51,4.454561431,,,,,,,,,,
Evo,,,,,1.9,,47.95,1.67,17.32,,,,10.24,0.17,5.76,10.93,3.45,1.99,0.51,4.454561431,,,,,,,,,,
Evo,,,,,2,,47.95,1.67,17.32,,,,10.24,0.17,5.76,10.93,3.45,1.99,0.51,4.454561431,,,,,,,,,,
Evo,,,,,0.9,,47.95,1.67,17.32,,,,10.24,0.17,5.76,10.93,3.45,1.99,0.51,,,,,,,,,,,
Evo,,,,,0.9,,47.95,1.67,17.32,,,,10.24,0.17,5.76,10.93,3.45,1.99,0.51,,,,,,,,,,,
Evo,,,,,0.9,,47.95,1.67,17.32,,,,10.24,0.17,5.76,10.93,3.45,1.99,0.51,,,,,,,,,,,
Evo,,,,,0.9,,47.95,1.67,17.32,,,,10.24,0.17,5.76,10.93,3.45,1.99,0.51,,,,,,,,,,,
Evo,,,,,0.9,,47.95,1.67,17.32,,,,10.24,0.17,5.76,10.93,3.45,1.99,0.51,,,,,,,,,,,
Evo,,,,,0.9,,47.95,1.67,17.32,,,,10.24,0.17,5.76,10.93,3.45,1.99,0.51,,,,,,,,,,,
Evo,,,,,0.9,,47.95,1.67,17.32,,,,10.24,0.17,5.76,10.93,3.45,1.99,0.51,,,,,,,,,,,
Evo,,,,,0.9,,47.95,1.67,17.32,,,,10.24,0.17,5.76,10.93,3.45,1.99,0.51,,,,,,,,,,,
Evo,,,,,0.9,,47.95,1.67,17.32,,,,10.24,0.17,5.76,10.93,3.45,1.99,0.51,,,,,,,,,,,
Evo,,,,,0.9,,47.95,1.67,17.32,,,,10.24,0.17,5.76,10.93,3.45,1.99,0.51,,,,,,,,,,,
Evo,,,,,0.9,,47.95,1.67,17.32,,,,10.24,0.17,5.76,10.93,3.45,1.99,0.51,,,,,,,,,,,
Brounce,1190,,,,2.5,,51.09,2.52,13.93,,,,10.87,0.15,6.71,11.11,2.28,0.38,0.21,,,,,,,,,,,
Brounce,1190,,,,,,51.09,2.52,13.93,,,,10.87,0.15,6.71,11.11,2.28,0.38,0.21,,,,0.1,,,,,,,
xenia,800,,,,,,74.51,0.1,13.25,,,,1.6,0,0.08,0.75,4.15,5.64,0,0.2,,,0.0562,,,,,,,
MLV-36,852,,,,0,,73.8,0.27,13.2,,,,2.08,0.04,0.27,1.23,3.99,4.18,0.06,4,,,,,,,,,,
MLV-36,852,,,,-2,,73.8,0.27,13.2,,,,2.08,0.04,0.27,1.23,3.99,4.18,0.06,4,,,,,,,,,,
MLV-36,852,,,,-1,,73.8,0.27,13.2,,,,2.08,0.04,0.27,1.23,3.99,4.18,0.06,4,,,,,,,,,,
MLV-36,852,,,,0,,73.8,0.27,13.2,,,,2.08,0.04,0.27,1.23,3.99,4.18,0.06,4,,,,,,,,,,
MLV-36,852,,,,1,,73.8,0.27,13.2,,,,2.08,0.04,0.27,1.23,3.99,4.18,0.06,4,,,,,,,,,,
MLV-36,852,,,,2,,73.8,0.27,13.2,,,,2.08,0.04,0.27,1.23,3.99,4.18,0.06,4,,,,,,,,,,
MLV-36,852,,,,,,73.8,0.27,13.2,,,,2.08,0.04,0.27,1.23,3.99,4.18,0.06,4,,,0.240384615,,,,,,,
MLV-37,813,,,,,,74.5,0.28,13.6,,,,2.12,0.04,0.28,1.25,4.01,4.21,0.05,5,,,0.245283019,,,,,,,
MLV-44,932,,,,,,75.5,0.22,13.2,,,,1.28,0.04,0.21,0.81,3.91,4.73,0.01,1.7,,,0.28125,,,,,,,
MLV-45,837,,,,,,73.4,0.23,14.5,,,,1.75,0.04,0.38,1.76,3.87,3.58,0.03,5.3,,,0.291428571,,,,,,,
CAM-49,849,,,,,,72.9,0.28,13.2,,,,1.81,0.04,0.29,1.29,4.02,4.18,0.04,4.1,,,0.237569061,,,,,,,
TEQ-21,939,,,,,,74.1,0.15,13.3,,,,1.62,0.06,0.11,0.51,4.61,4.83,0.03,1.3,,,0.191358025,,,,,,,
JAL-10,780,,,,,,74.3,0.26,14.2,,,,1.5,0.06,0.38,1.4,4.86,3.04,0.07,6.5,,,0.346666667,,,,,,,
COMP-3,801,,,,,,75.2,0.2,13.5,,,,1.31,0.05,0.3,1.3,4.55,3.36,0.06,5.7,,,0.34351145,,,,,,,
PCR-7B,821,,,,,,74.3,0.15,13.3,,,,1.2,0.04,0.11,0.77,3.66,5.05,0.02,4.2,,,0.158333333,,,,,,,
PCR-R3,861,,,,,,75.6,0.15,13.5,,,,1.32,0.04,0.13,0.78,3.72,5.18,0.02,3.2,,,0.25,,,,,,,
MLV-36,852,,,0.3,,,73.8,0.27,13.2,,,,2.08,0.04,0.27,1.23,3.99,4.18,0.06,4,,,,,,,,,,
MLV-37,813,,,0.4,,,74.5,0.28,13.6,,,,2.12,0.04,0.28,1.25,4.01,4.21,0.05,5,,,,,,,,,,
MLV-44,932,,,0.8,,,75.5,0.22,13.2,,,,1.28,0.04,0.21,0.81,3.91,4.73,0.01,1.7,,,,,,,,,,
MLV-45,837,,,0.9,,,73.4,0.23,14.5,,,,1.75,0.04,0.38,1.76,3.87,3.58,0.03,5.3,,,,,,,,,,
CAM-49,849,,,0.2,,,72.9,0.28,13.2,,,,1.81,0.04,0.29,1.29,4.02,4.18,0.04,4.1,,,,,,,,,,
TEQ-21,939,,,-0.4,,,74.1,0.15,13.3,,,,1.62,0.06,0.11,0.51,4.61,4.83,0.03,1.3,,,,,,,,,,
JAL-10,780,,,1.3,,,74.3,0.26,14.2,,,,1.5,0.06,0.38,1.4,4.86,3.04,0.07,6.5,,,,,,,,,,
COMP-3,801,,,1.4,,,75.2,0.2,13.5,,,,1.31,0.05,0.3,1.3,4.55,3.36,0.06,5.7,,,,,,,,,,
PCR-7B,821,,,-0.9,,,74.3,0.15,13.3,,,,1.2,0.04,0.11,0.77,3.66,5.05,0.02,4.2,,,,,,,,,,
PCR-R3,861,,,-0.8,,,75.6,0.15,13.5,,,,1.32,0.04,0.13,0.78,3.72,5.18,0.02,3.2,,,,,,,,,,
av_MORB,1100,,,,0,,50.47,1.68,14.7,,,,10.43,0.184,7.58,11.39,2.79,0.16,0.185,0.2,,,,,,,,,,
av_MORB,1100,,,,1.4,,50.47,1.68,14.7,,,,10.43,0.184,7.58,11.39,2.79,0.16,0.185,1.5,,,,,,,,,,
av_MORB,1100,,,,1.5,,50.47,1.68,14.7,,,,10.43,0.184,7.58,11.39,2.79,0.16,0.185,4.5,,,,,,,,,,
SHOFe-5-0.2-0.1_1600,1200,,,,,,53.16,0.77,16.18,,,,7.57,0.13,9.43,8.41,3.42,0.79,0,4.454561431,,1132.698275,0.140365111,,,,,,,
SHOFe-5-0.2-0.1_1400,1200,,,,,,53.16,0.77,16.18,,,,7.57,0.13,9.43,8.41,3.42,0.79,0,4.170915249,,876.4190013,0.146332492,,,,,,,
SHOFe-5-0.2-0.1_1200,1200,,,,,,53.16,0.77,16.18,,,,7.57,0.13,9.43,8.41,3.42,0.79,0,3.860478768,,684.4965774,0.149678297,,,,,,,
SHOFe-5-0.2-0.1_1000,1200,,,,,,53.16,0.77,16.18,,,,7.57,0.13,9.43,8.41,3.42,0.79,0,3.519925156,,538.4799976,0.151504723,,,,,,,
SHOFe-5-0.2-0.1_800,1200,,,,,,53.16,0.77,16.18,,,,7.57,0.13,9.43,8.41,3.42,0.79,0,3.142452415,,424.5190974,0.152219602,,,,,,,
SHOFe-5-0.2-0.1_600,1200,,,,,,53.16,0.77,16.18,,,,7.57,0.13,9.43,8.41,3.42,0.79,0,2.714880205,,332.7444283,0.151850837,,,,,,,
SHOFe-5-0.2-0.1_400,1200,,,,,,53.16,0.77,16.18,,,,7.57,0.13,9.43,8.41,3.42,0.79,0,2.209981131,,264.3780832,0.149452014,,,,,,,
SHOFe-5-0.2-0.1_200,1200,,,,,,53.16,0.77,16.18,,,,7.57,0.13,9.43,8.41,3.42,0.79,0,1.555683387,,199.3865067,0.143858026,,,,,,,
SHOFe-1-0.2-0.1_100,1200,,,,,,53.16,0.77,16.18,,,,7.57,0.13,9.43,8.41,3.42,0.79,0,0.997116572,,1990.390688,0.100432063,,,,,,,
SHOFe-1-0.2-0.1_90,1200,,,,,,53.16,0.77,16.18,,,,7.57,0.13,9.43,8.41,3.42,0.79,0,0.948479623,,1818.954511,0.106790502,,,,,,,
SHOFe-1-0.2-0.1_80,1200,,,,,,53.16,0.77,16.18,,,,7.57,0.13,9.43,8.41,3.42,0.79,0,0.897131852,,1636.673829,0.110753192,,,,,,,
SHOFe-1-0.2-0.1_70,1200,,,,,,53.16,0.77,16.18,,,,7.57,0.13,9.43,8.41,3.42,0.79,0,0.842735547,,1459.650842,0.112929669,,,,,,,
SHOFe-1-0.2-0.1_60,1200,,,,,,53.16,0.77,16.18,,,,7.57,0.13,9.43,8.41,3.42,0.79,0,0.783959701,,1293.409531,0.113923228,,,,,,,
SHOFe-1-0.2-0.1_50,1200,,,,,,53.16,0.77,16.18,,,,7.57,0.13,9.43,8.41,3.42,0.79,0,0.71917855,,1137.881697,0.114064625,,,,,,,
SHOFe-1-0.2-0.1_40,1200,,,,,,53.16,0.77,16.18,,,,7.57,0.13,9.43,8.41,3.42,0.79,0,0.646316515,,990.7006493,0.11347381,,,,,,,
SHOFe-1-0.2-0.1_30,1200,,,,,,53.16,0.77,16.18,,,,7.57,0.13,9.43,8.41,3.42,0.79,0,0.56218191,,847.896125,0.112092251,,,,,,,
SHOFe-1-0.2-0.1_20,1200,,,,,,53.16,0.77,16.18,,,,7.57,0.13,9.43,8.41,3.42,0.79,0,0.460745908,,702.5442079,0.109585987,,,,,,,
SHOFe-1-0.2-0.1_10,1200,,,,,,53.16,0.77,16.18,,,,7.57,0.13,9.43,8.41,3.42,0.79,0,0.326588181,,536.940877,0.104738898,,,,,,,
SHOFe-5-0.2-0.3_1900,1200,,,,,,53.16,0.77,16.18,,,,7.57,0.13,9.43,8.41,3.42,0.79,0,4.938349807,,1896.490613,0.304897262,,,,,,,
SHOFe-5-0.2-0.3_1700,1200,,,,,,53.16,0.77,16.18,,,,7.57,0.13,9.43,8.41,3.42,0.79,0,4.677198922,,1562.43285,0.321136357,,,,,,,
SHOFe-5-0.2-0.3_1500,1200,,,,,,53.16,0.77,16.18,,,,7.57,0.13,9.43,8.41,3.42,0.79,0,4.386720732,,1289.202599,0.334667241,,,,,,,
SHOFe-5-0.2-0.3_1300,1200,,,,,,53.16,0.77,16.18,,,,7.57,0.13,9.43,8.41,3.42,0.79,0,4.072661982,,1051.909551,0.346495821,,,,,,,
SHOFe-5-0.2-0.3_1100,1200,,,,,,53.16,0.77,16.18,,,,7.57,0.13,9.43,8.41,3.42,0.79,0,3.734227883,,838.8082758,0.357137915,,,,,,,
SHOFe-5-0.2-0.3_900,1200,,,,,,53.16,0.77,16.18,,,,7.57,0.13,9.43,8.41,3.42,0.79,0,3.366337075,,644.3737106,0.366846476,,,,,,,
SHOFe-5-0.2-0.3_700,1200,,,,,,53.16,0.77,16.18,,,,7.57,0.13,9.43,8.41,3.42,0.79,0,2.958842918,,466.5473015,0.375722059,,,,,,,
SHOFe-5-0.2-0.3_500,1200,,,,,,53.16,0.77,16.18,,,,7.57,0.13,9.43,8.41,3.42,0.79,0,2.492358221,,305.6384073,0.383761293,,,,,,,
SHOFe-5-0.2-0.3_300,1200,,,,,,53.16,0.77,16.18,,,,7.57,0.13,9.43,8.41,3.42,0.79,0,1.923858126,,163.9901272,0.390877084,,,,,,,
SHOFe-1-0.2-0.3_360,1200,,,,,,53.16,0.77,16.18,,,,7.57,0.13,9.43,8.41,3.42,0.79,0,0.999353432,,1953.210503,0.301808865,,,,,,,
SHOFe-1-0.2-0.3_330,1200,,,,,,53.16,0.77,16.18,,,,7.57,0.13,9.43,8.41,3.42,0.79,0,0.997257872,,1825.572091,0.306905636,,,,,,,
SHOFe-1-0.2-0.3_300,1200,,,,,,53.16,0.77,16.18,,,,7.57,0.13,9.43,8.41,3.42,0.79,0,0.994453659,,1691.654848,0.312471034,,,,,,,
SHOFe-1-0.2-0.3_270,1200,,,,,,53.16,0.77,16.18,,,,7.57,0.13,9.43,8.41,3.42,0.79,0,0.990598525,,1549.631131,0.318577354,,,,,,,
SHOFe-1-0.2-0.3_240,1200,,,,,,53.16,0.77,16.18,,,,7.57,0.13,9.43,8.41,3.42,0.79,0,0.985127491,,1397.324637,0.325312441,,,,,,,
SHOFe-1-0.2-0.3_210,1200,,,,,,53.16,0.77,16.18,,,,7.57,0.13,9.43,8.41,3.42,0.79,0,0.977059464,,1232.236999,0.332779336,,,,,,,
SHOFe-1-0.2-0.3_180,1200,,,,,,53.16,0.77,16.18,,,,7.57,0.13,9.43,8.41,3.42,0.79,0,0.964606204,,1051.777409,0.341083374,,,,,,,
15kV_10nA_10um_TFB007i,1054.523046,,,0.5,,,50.7338,0.961734,16.6569,,,,10.9976,0.217015,4.23648,8.18581,2.01263,0.521041,0.157892,3.082437643,73.68317052,1796.36,,,,,,,,
15kV_10nA_10um_TFB009i,1066.450657,,,0.5,,,50.6317,0.912938,17.2533,,,,10.0005,0.187804,4.77441,8.91149,2.18564,0.532006,0.135322,3.628698441,641.2437196,2285.44,,,,,,,,
15kV_10nA_10um_TFB010v,1114.519825,,,0.5,,,48.9272,0.994602,16.2183,,,,11.7522,0.199454,5.69798,9.93309,1.86078,0.427989,0.115855,2.173182956,270.6656322,1330.66,,,,,,,,
15kV_10nA_10um_TFB010i,1114.543271,,,0.5,,,48.9896,0.999428,16.204,,,,10.9074,0.185858,5.80676,10.5151,1.8619,0.442096,0.11644,2.099697659,188.6283925,966.56,,,,,,,,
15kV_10nA_10um_TFB010vi,1109.747674,,,0.5,,,50.157,0.950688,16.3766,,,,10.6484,0.184455,5.71211,10.4336,1.89787,0.454202,0.142435,2.205878353,236.4582931,703.28,,,,,,,,
15kV_10nA_5um_TFB011i,1038.862725,,,0.5,,,51.3198,0.805141,18.7617,,,,8.41161,0.144294,4.04245,8.73875,2.68942,0.672255,0.143748,4.017558656,819.0669717,2535.62,,,,,,,,
15kV_10nA_5um_TFB011ii,1081.969476,,,0.5,,,50.9135,0.785683,17.2153,,,,9.04279,0.179385,4.93612,10.1814,2.39203,0.495508,0.144767,2.356047416,831.208046,8346.15,,,,,,,,
15kV_10nA_5um_TFB013i,992.225199,,,0.5,,,52.1676,0.736418,20.0679,,,,6.76788,0.129328,2.59564,8.31462,2.74454,0.688182,0.160798,2.324787588,805.8869552,3281,,,,,,,,
15kV_10nA_5um_TFB014i,1088.712683,,,0.5,,,51.2877,0.872756,16.2675,,,,9.38986,0.174485,5.47512,9.03414,2.06511,0.478843,0.140847,3.268523717,466.1263394,2278.63,,,,,,,,
TFBSIMSmm_1i_ii_10,1018.326385,,,0.5,,,50.9264,0.763778,17.9899,,,,8.38348,0.15865,3.6778,8.32861,2.31031,0.646561,0.151376,4.087340475,612.707773,2526.768143,,,,,,,,
TFBSIMSmm_1i_ii_10,1012.048805,,,0.5,,,50.9264,0.763778,17.9899,,,,8.38348,0.15865,3.6778,8.32861,2.31031,0.646561,0.151376,4.771470794,805.7471384,2526.768143,,,,,,,,
TFBSIMSmm_2ii_5,1117.545371,,,0.5,,,48.0927,0.924084,17.3963,,,,11.519,0.235799,5.44789,11.2186,1.68083,0.388099,0.1375,0.419873856,583.0557672,1363.018271,,,,,,,,
TFBSIMSmm_2iii_5,1043.738821,,,0.5,,,50.2795,0.901021,16.9863,,,,10.1617,0.186969,4.43808,8.32463,1.28598,0.486169,0.141379,3.34717646,476.7770604,2149.211393,,,,,,,,
TFBSIMSCrystals_18xi_10,1212.795343,,,0.5,,,52.148,1.02654,12.7266,,,,12.0919,0.219008,7.73748,10.1275,1.9697,0.692318,0.161426,0.507002294,510.8078511,213.22039,,,,,,,,
St8.1.A5,1150,,4000,,,,48.89,0.78,17.56,,,,6.96,0,6.28,10.33,1.97,1.34,0,2.57,300,1719,0.4,,,,,,,
St8.1.A1,1150,,4000,,,,48.06,0.75,17.47,,,,6.9,0,6.11,10.29,1.9,1.34,0,2.7,515,1733,0.36,,,,,,,
St8.1.A3,1150,,4000,,,,48.44,0.79,17.49,,,,7.08,0,5.95,10.12,1.93,1.38,0,2.86,575,1595,0.31,,,,,,,
St8.1.A4,1150,,4000,,,,48.19,0.76,17.48,,,,6.97,0,6.08,10.27,1.95,1.36,0,3.05,960,1721,0.33,,,,,,,
St8.1.A10,1150,,4000,,,,49.85,0.79,17.6,,,,6.98,0,6.05,10.34,1.96,1.41,0,3.17,1540,1564,0.32,,,,,,,
St8.1.B7,1150,,4000,,,,50.02,0.82,17.99,,,,7.05,0,5.86,10.7,1.9,1.37,0,1.87,60,1607,0.32,,,,,,,
St8.1.B2,1150,,4000,,,,49.36,0.8,17.73,,,,6.94,0,5.86,10.78,1.88,1.36,0,2.4,60,3043,0.34,,,,,,,
St8.1.B5,1150,,4000,,,,49.23,0.81,17.89,,,,7,0,5.67,10.57,1.89,1.36,0,2.65,230,3170,0.37,,,,,,,
St8.1.B3,1150,,4000,,,,48.72,0.79,17.95,,,,6.95,0,5.88,10.68,1.93,1.34,0,3.01,635,3240,0.34,,,,,,,
St8.1.B4,1150,,4000,,,,49.33,0.82,17.69,,,,6.96,0,5.55,10.45,1.91,1.39,0,3.11,920,3140,0.32,,,,,,,
MAS.1.A7,1150,,4000,,,,48.7,1.14,18.72,,,,10.95,0,3.36,8.82,2.7,1.19,0,2.03,90,270,0.25,,,,,,,
MAS.1.A2,1150,,4000,,,,48.78,1.12,18.08,,,,10.96,0,3.52,9.04,2.66,1.18,0,2.13,120,395,0.33,,,,,,,
MAS.1.A5,1150,,4000,,,,49.53,1.15,18.12,,,,10.65,0,3.43,8.8,2.69,1.16,0,2.22,225,410,0.34,,,,,,,
MAS.1.A1,1150,,4000,,,,48.61,1.14,17.78,,,,10.94,0,3.29,9.21,2.62,1.18,0,2.58,490,480,0.32,,,,,,,
MAS.1.A3,1150,,4000,,,,48.6,1.13,18.51,,,,10.94,0,3.26,8.99,2.68,1.19,0,2.62,610,370,0.3,,,,,,,
MAS.1.A4,1150,,4000,,,,48.93,1.14,18.44,,,,10.92,0,3.18,8.87,2.65,1.18,0,2.54,750,310,0.28,,,,,,,
MAS.1.B2,1150,,4000,,,,48.57,1.16,17.83,,,,11,0,3.1,9.22,2.83,1.24,0,2.2,65,870,0.31,,,,,,,
MAS.1.B5,1150,,4000,,,,49.09,1.14,18.26,,,,10.73,0,2.85,8.95,2.88,1.27,0,2.24,195,935,0.32,,,,,,,
MAS.1.B3,1150,,4000,,,,48.3,1.15,17.96,,,,10.98,0,3.24,9.3,2.73,1.2,0,2.44,450,835,0.32,,,,,,,
MAS.1.B4,1150,,4000,,,,48.7,1.14,18.27,,,,10.71,0,3.13,9.1,2.82,1.24,0,2.55,705,605,0.18,,,,,,,
Basalt,1000,,,0.8,,,53.16,0.77,16.18,,,,7.57,0.13,9.43,8.41,3.42,0.79,0,0,1000,50000,,,,,,,,
Basalt,1000,,,0.7,,,53.16,0.77,16.18,,,,7.57,0.13,9.43,8.41,3.42,0.79,0,1,1000,50000,,,,,,,,
Basalt,1000,,,0.7,,,53.16,0.77,16.18,,,,7.57,0.13,9.43,8.41,3.42,0.79,0,2,1000,50000,,,,,,,,
Basalt,1000,,,0.7,,,53.16,0.77,16.18,,,,7.57,0.13,9.43,8.41,3.42,0.79,0,3,1000,50000,,,,,,,,
Basalt,1000,,,0.7,,,53.16,0.77,16.18,,,,7.57,0.13,9.43,8.41,3.42,0.79,0,4,1000,50000,,,,,,,,
Basalt,1000,,,0.7,,,53.16,0.77,16.18,,,,7.57,0.13,9.43,8.41,3.42,0.79,0,5,1000,50000,,,,,,,,
Basalt,1000,,,1.1,,,53.16,0.77,16.18,,,,7.57,0.13,9.43,8.41,3.42,0.79,0,0,1000,50000,,,,,,,,
Basalt,1000,,,0.95,,,53.16,0.77,16.18,,,,7.57,0.13,9.43,8.41,3.42,0.79,0,1,1000,50000,,,,,,,,
Basalt,1000,,,0.8,,,53.16,0.77,16.18,,,,7.57,0.13,9.43,8.41,3.42,0.79,0,2,1000,50000,,,,,,,,
Basalt,1000,,,0.8,,,53.16,0.77,16.18,,,,7.57,0.13,9.43,8.41,3.42,0.79,0,3,1000,50000,,,,,,,,
Basalt,1000,,,0.8,,,53.16,0.77,16.18,,,,7.57,0.13,9.43,8.41,3.42,0.79,0,4,1000,50000,,,,,,,,
Basalt,1000,,,0.8,,,53.16,0.77,16.18,,,,7.57,0.13,9.43,8.41,3.42,0.79,0,5,1000,50000,,,,,,,,
Basalt,1100,,,0.45,,,53.16,0.77,16.18,,,,7.57,0.13,9.43,8.41,3.42,0.79,0,0,1000,50000,,,,,,,,
Basalt,1100,,,0.45,,,53.16,0.77,16.18,,,,7.57,0.13,9.43,8.41,3.42,0.79,0,1,1000,50000,,,,,,,,
Basalt,1100,,,0.35,,,53.16,0.77,16.18,,,,7.57,0.13,9.43,8.41,3.42,0.79,0,2,1000,50000,,,,,,,,
Basalt,1100,,,0.35,,,53.16,0.77,16.18,,,,7.57,0.13,9.43,8.41,3.42,0.79,0,3,1000,50000,,,,,,,,
Basalt,1100,,,0.35,,,53.16,0.77,16.18,,,,7.57,0.13,9.43,8.41,3.42,0.79,0,4,1000,50000,,,,,,,,
Basalt,1100,,,0.35,,,53.16,0.77,16.18,,,,7.57,0.13,9.43,8.41,3.42,0.79,0,5,1000,50000,,,,,,,,
Basalt,1100,,,0.55,,,53.16,0.77,16.18,,,,7.57,0.13,9.43,8.41,3.42,0.79,0,0,1000,50000,,,,,,,,
Basalt,1100,,,0.55,,,53.16,0.77,16.18,,,,7.57,0.13,9.43,8.41,3.42,0.79,0,1,1000,50000,,,,,,,,
Basalt,1100,,,0.45,,,53.16,0.77,16.18,,,,7.57,0.13,9.43,8.41,3.42,0.79,0,2,1000,50000,,,,,,,,
Basalt,1100,,,0.45,,,53.16,0.77,16.18,,,,7.57,0.13,9.43,8.41,3.42,0.79,0,3,1000,50000,,,,,,,,
Basalt,1100,,,0.45,,,53.16,0.77,16.18,,,,7.57,0.13,9.43,8.41,3.42,0.79,0,4,1000,50000,,,,,,,,
Basalt,1100,,,0.45,,,53.16,0.77,16.18,,,,7.57,0.13,9.43,8.41,3.42,0.79,0,5,1000,50000,,,,,,,,
Basalt,1200,,,0.1,,,53.16,0.77,16.18,,,,7.57,0.13,9.43,8.41,3.42,0.79,0,0,1000,50000,,,,,,,,
Basalt,1200,,,0.1,,,53.16,0.77,16.18,,,,7.57,0.13,9.43,8.41,3.42,0.79,0,1,1000,50000,,,,,,,,
Basalt,1200,,,0.1,,,53.16,0.77,16.18,,,,7.57,0.13,9.43,8.41,3.42,0.79,0,2,1000,50000,,,,,,,,
Basalt,1200,,,0.1,,,53.16,0.77,16.18,,,,7.57,0.13,9.43,8.41,3.42,0.79,0,3,1000,50000,,,,,,,,
Basalt,1200,,,0.1,,,53.16,0.77,16.18,,,,7.57,0.13,9.43,8.41,3.42,0.79,0,4,1000,50000,,,,,,,,
Basalt,1200,,,0.1,,,53.16,0.77,16.18,,,,7.57,0.13,9.43,8.41,3.42,0.79,0,5,1000,50000,,,,,,,,
Basalt,1200,,,0.2,,,53.16,0.77,16.18,,,,7.57,0.13,9.43,8.41,3.42,0.79,0,0,1000,50000,,,,,,,,
Basalt,1200,,,0.2,,,53.16,0.77,16.18,,,,7.57,0.13,9.43,8.41,3.42,0.79,0,1,1000,50000,,,,,,,,
Basalt,1200,,,0.2,,,53.16,0.77,16.18,,,,7.57,0.13,9.43,8.41,3.42,0.79,0,2,1000,50000,,,,,,,,
Basalt,1200,,,0.2,,,53.16,0.77,16.18,,,,7.57,0.13,9.43,8.41,3.42,0.79,0,3,1000,50000,,,,,,,,
Basalt,1200,,,0.2,,,53.16,0.77,16.18,,,,7.57,0.13,9.43,8.41,3.42,0.79,0,4,1000,50000,,,,,,,,
Basalt,1200,,,0.2,,,53.16,0.77,16.18,,,,7.57,0.13,9.43,8.41,3.42,0.79,0,5,1000,50000,,,,,,,,
Basalt,1300,,,-0.25,,,53.16,0.77,16.18,,,,7.57,0.13,9.43,8.41,3.42,0.79,0,0,1000,50000,,,,,,,,
Basalt,1300,,,-0.25,,,53.16,0.77,16.18,,,,7.57,0.13,9.43,8.41,3.42,0.79,0,1,1000,50000,,,,,,,,
Basalt,1300,,,-0.25,,,53.16,0.77,16.18,,,,7.57,0.13,9.43,8.41,3.42,0.79,0,2,1000,50000,,,,,,,,
Basalt,1300,,,-0.25,,,53.16,0.77,16.18,,,,7.57,0.13,9.43,8.41,3.42,0.79,0,3,1000,50000,,,,,,,,
Basalt,1300,,,-0.25,,,53.16,0.77,16.18,,,,7.57,0.13,9.43,8.41,3.42,0.79,0,4,1000,50000,,,,,,,,
Basalt,1300,,,-0.25,,,53.16,0.77,16.18,,,,7.57,0.13,9.43,8.41,3.42,0.79,0,5,1000,50000,,,,,,,,
Basalt,1300,,,0.25,,,53.16,0.77,16.18,,,,7.57,0.13,9.43,8.41,3.42,0.79,0,0,1000,50000,,,,,,,,
Basalt,1300,,,0.25,,,53.16,0.77,16.18,,,,7.57,0.13,9.43,8.41,3.42,0.79,0,1,1000,50000,,,,,,,,
Basalt,1300,,,0.25,,,53.16,0.77,16.18,,,,7.57,0.13,9.43,8.41,3.42,0.79,0,2,1000,50000,,,,,,,,
Basalt,1300,,,0.25,,,53.16,0.77,16.18,,,,7.57,0.13,9.43,8.41,3.42,0.79,0,3,1000,50000,,,,,,,,
Basalt,1300,,,0.25,,,53.16,0.77,16.18,,,,7.57,0.13,9.43,8.41,3.42,0.79,0,4,1000,50000,,,,,,,,
Basalt,1300,,,0.25,,,53.16,0.77,16.18,,,,7.57,0.13,9.43,8.41,3.42,0.79,0,5,1000,50000,,,,,,,,